,Name,dist_obj
0,00944,[]
1,02060,[]
2,05145,[]
3,05335,[]
4,07066,[]
5,08405,[]
6,10199,[]
7,10370,[]
8,15504,[]
9,15760,[]
10,15788,[]
11,15789,[]
12,15807,[]
13,15809,[]
14,15810,[]
15,15820,[]
16,15836,[]
17,15874,[]
18,15875,[]
19,15883,[]
20,16684,[]
21,19255,['K02PF3O']
22,19299,[]
23,19308,[]
24,19521,[]
25,20000,[]
26,20108,"['J99D08E', 'K01XP4V', 'K02TU1G']"
27,20161,[]
28,20461,[]
29,24835,[]
30,24952,[]
31,24978,"['J98K66G', 'J99D08Q']"
32,26181,[]
33,26308,[]
34,26375,[]
35,28978,[]
36,29981,[]
37,31824,[]
38,32532,[]
39,32929,[]
40,33001,[]
41,33128,[]
42,33340,[]
43,35671,[]
44,37117,[]
45,38083,"['K00SX1H', 'K01FJ3F']"
46,38084,[]
47,38628,[]
48,40314,[]
49,42301,[]
50,42355,[]
51,44594,[]
52,45802,"['J99D08F', 'K00SX1G', 'K02TU1A', 'K04D71L']"
53,47171,[]
54,47932,[]
55,48639,[]
56,49036,[]
57,49673,[]
58,50000,"['J98K66G', 'J99CB9A', 'K00Sb0X', 'K02PF3P']"
59,52747,[]
60,52872,[]
61,52975,[]
62,53311,"['K02PF3D', 'K18G15T']"
63,54520,[]
64,54598,[]
65,55565,[]
66,55576,[]
67,55636,[]
68,55637,[]
69,55638,[]
70,58534,[]
71,59358,[]
72,60454,[]
73,60458,[]
74,60558,[]
75,60608,[]
76,60620,[]
77,60621,[]
78,63252,[]
79,65407,[]
80,65489,[]
81,66452,[]
82,66652,[]
83,69986,[]
84,69987,['K01QT7U']
85,69988,[]
86,69990,[]
87,73480,[]
88,76803,[]
89,78799,[]
90,79360,"['J99RL5F', 'K00SX1F', 'K01XP5F', 'K02PF3B', 'K04V76A']"
91,79969,[]
92,79978,[]
93,79983,[]
94,80806,[]
95,82075,[]
96,82155,[]
97,82157,[]
98,82158,[]
99,83982,[]
100,84522,[]
101,84719,[]
102,84922,[]
103,85627,[]
104,85633,[]
105,86047,[]
106,86177,[]
107,87269,[]
108,87555,[]
109,88267,['K03QB3Y']
110,88268,['K05P21O']
111,88269,[]
112,88611,"['J98K66G', 'J99D08Q', 'K02TU1E']"
113,90377,[]
114,90482,[]
115,90568,[]
116,91133,[]
117,91205,[]
118,91554,[]
119,95625,[]
120,95626,[]
121,B8228,[]
122,B8378,[]
123,B8379,[]
124,B8698,[]
125,B8702,[]
126,B9066,[]
127,B9067,[]
128,B9068,[]
129,B9069,[]
130,B9070,[]
131,B9315,[]
132,B9473,[]
133,B9878,[]
134,B9951,[]
135,B9956,[]
136,B9976,[]
137,B9979,[]
138,C0061,[]
139,C0132,[]
140,C0178,[]
141,C0181,[]
142,C0216,[]
143,C0347,[]
144,C0348,[]
145,C1725,[]
146,C3509,['K02PF3D']
147,C6154,[]
148,C6155,[]
149,C6619,[]
150,C6719,[]
151,C7546,[]
152,C7871,[]
153,C9746,[]
154,C9772,[]
155,D0391,[]
156,D1318,"['K01DA8S', 'K02TU1C', 'K05P21N']"
157,D1695,[]
158,D1696,[]
159,D1697,[]
160,D3067,[]
161,D4210,[]
162,D4340,[]
163,D4568,[]
164,D4860,['K01QT7V']
165,D5024,[]
166,D5182,['t4000']
167,D5571,[]
168,D5742,[]
169,D6108,[]
170,D6120,[]
171,D6199,[]
172,D6204,[]
173,D6472,[]
174,D7294,[]
175,D7295,[]
176,D8537,[]
177,D8628,[]
178,D9775,[]
179,E3685,[]
180,E3707,[]
181,E3751,[]
182,E3991,[]
183,E4897,[]
184,E4908,[]
185,E5451,[]
186,E5452,"['K02CF4Q', 'K02G33A', 'K02PE9E', 'K02PF2R', 'K02PF5E', 'K05EU0J', 'K11HA2Z', 'K13SA0N', 'K13TM8U', 'K15RR9S', 'K15VH2W']"
187,E5453,[]
188,E5474,[]
189,E5480,[]
190,E5486,[]
191,E5627,[]
192,E8112,[]
193,E8209,[]
194,E8780,[]
195,E8975,[]
196,E9348,[]
197,E9349,[]
198,E9560,[]
199,F0642,[]
200,F4783,[]
201,G0091,[]
202,G0147,[]
203,G0148,[]
204,G0256,[]
205,G0427,[]
206,G8700,[]
207,G8703,[]
208,G9071,[]
209,H4567,[]
210,H5113,[]
211,I1708,"['K01DA8M', 'K01DA8Q']"
212,I1855,[]
213,I1867,[]
214,I1868,[]
215,I1871,[]
216,I1874,[]
217,I1902,[]
218,I2222,[]
219,I2223,[]
220,I2294,[]
221,I2397,[]
222,I2926,[]
223,I2933,[]
224,I2934,[]
225,I3595,[]
226,I3963,['K14Se3U']
227,I3964,[]
228,I4212,[]
229,I4314,[]
230,I7661,[]
231,K2421,[]
232,K8996,[]
233,M5088,[]
234,M9762,[]
235,N0965,[]
236,O1097,[]
237,O8835,[]
238,P0112,[]
239,R5809,[]
240,R8361,[]
241,S1371,[]
242,U3712,[]
243,U3775,[]
244,U5543,[]
245,U6173,[]
246,U6792,[]
247,U7251,[]
248,U7261,[]
249,U7463,[]
250,U7616,[]
251,U7982,[]
252,U8193,[]
253,U8379,[]
254,U8460,[]
255,U8607,[]
256,U8634,[]
257,U8933,[]
258,U9139,[]
259,U9239,['K14UM9N']
260,U9737,[]
261,U9741,[]
262,V0071,[]
263,V2645,[]
264,V5530,[]
265,V5898,[]
266,V6179,[]
267,W8884,[]
268,X0759,[]
269,X0836,[]
270,X2685,[]
271,X6756,[]
272,Y1275,[]
273,Y1520,[]
274,Y2842,[]
275,Y6889,[]
276,Y7449,[]
277,Y9933,[]
278,Z3222,[]
279,a3330,[]
280,a3401,[]
281,a4171,[]
282,a5756,[]
283,c0282,[]
284,c2004,[]
285,c5185,[]
286,c5191,"['J95F21B', 'J99CD1W', 'J99H12H', 'K01XP4W', 'K15VH0Y', 'K15VH2M']"
287,c5194,['K02TU1C']
288,c5199,[]
289,c5201,"['K00SX1C', 'K03UT1X']"
290,c5266,[]
291,c5362,[]
292,c5363,[]
293,c5437,[]
294,c5445,['J99D08Q']
295,c5446,[]
296,c5447,['K02PF2T']
297,c5458,[]
298,c5527,[]
299,c5528,[]
300,c5533,[]
301,c5571,[]
302,c5607,[]
303,c5695,[]
304,c6723,[]
305,c6968,[]
306,c9820,[]
307,d5699,[]
308,e8832,[]
309,f3666,[]
310,f5720,['K02PF3D']
311,f6400,[]
312,f8993,[]
313,g0356,"['J99CD1Z', 'J99RL4S', 'J99RL5T', 'K01DA8O', 'K02G33A', 'K02PF5E', 'K05EU0J', 'K14UN0A']"
314,g7507,[]
315,g7581,['K13RF8G']
316,g7614,[]
317,h2949,[]
318,h3873,[]
319,h4194,['K02PF3O']
320,h4390,[]
321,h4620,[]
322,h4709,[]
323,h7313,[]
324,h7360,[]
325,h7871,[]
326,h7915,[]
327,h8028,[]
328,h9858,[]
329,i3843,[]
330,i4018,"['J99D08E', 'K02PF2T']"
331,i4025,"['K04PB2E', 'K04U10U']"
332,i4030,[]
333,i4745,[]
334,i5473,[]
335,i7178,[]
336,i9097,[]
337,j0265,[]
338,j1657,[]
339,j5171,[]
340,j5206,[]
341,j5209,[]
342,j5502,[]
343,j6826,[]
344,j9865,[]
345,j9870,[]
346,j9971,[]
347,k1363,[]
348,k3368,[]
349,k3663,[]
350,k8422,[]
351,k8861,[]
352,k9306,[]
353,k9333,[]
354,k9361,[]
355,k9362,[]
356,k9372,"['K01QT7U', 'K15VG8T']"
357,k9420,[]
358,k9421,[]
359,k9438,[]
360,k9442,[]
361,k9505,[]
362,k9506,[]
363,k9509,[]
364,k9514,[]
365,k9584,[]
366,k9610,[]
367,k9615,[]
368,k9704,[]
369,k9705,[]
370,k9707,[]
371,k9708,[]
372,k9750,[]
373,k9987,[]
374,l0027,['K16L88P']
375,l0083,[]
376,l0308,[]
377,l0309,[]
378,l0316,[]
379,l0443,[]
380,l0523,[]
381,l0593,[]
382,l0596,[]
383,l0599,[]
384,l1136,[]
385,l1137,[]
386,l1143,[]
387,l1149,[]
388,l1150,"['z2175', 'K14MA3B', 'K15Fd2W', 'K15G56X', 'K15G57V']"
389,l1151,[]
390,l1152,[]
391,l1155,[]
392,l1165,[]
393,l1172,[]
394,l1196,"['o0835', 'K00GE6W', 'K00QM6D', 'K03FC7H', 'K03YH9R']"
395,l1210,[]
396,l1237,[]
397,l1272,[]
398,l1288,[]
399,l1318,[]
400,l1325,[]
401,l1335,[]
402,l1339,[]
403,l1512,[]
404,l1513,[]
405,l1921,[]
406,l1931,[]
407,l1954,[]
408,l2231,[]
409,l2232,[]
410,l2235,[]
411,l2262,[]
412,l2265,[]
413,l2271,[]
414,l2651,[]
415,l2760,[]
416,l4640,[]
417,m0017,[]
418,m2824,[]
419,m3002,[]
420,m6958,['K00J81H']
421,m7581,[]
422,m8644,['K02PF3B']
423,n1767,[]
424,n1768,[]
425,n2338,[]
426,n3480,"['K12S67B', 'K15VG9M', 'K16F58V']"
427,n4158,[]
428,n4219,[]
429,n5189,[]
430,n5190,[]
431,n5297,[]
432,n5603,[]
433,n5613,[]
434,n6315,[]
435,n9514,[]
436,n9522,['K14UM9B']
437,o0828,[]
438,o0829,[]
439,o0830,[]
440,o0831,[]
441,o0832,[]
442,o0833,[]
443,o0834,[]
444,o0835,['K01FJ3C']
445,o0836,[]
446,o0837,[]
447,o0838,[]
448,o0839,[]
449,o0840,[]
450,o0856,"['K00SX1H', 'K01FJ3D']"
451,o0876,[]
452,o0877,[]
453,o0878,[]
454,o0879,[]
455,o0880,[]
456,o0881,"['J99D08F', 'K02PF3O', 'K04D71L']"
457,o0882,[]
458,o0883,[]
459,o0884,[]
460,o0885,[]
461,o0886,[]
462,o0887,"['K02TU1C', 'K05P21N']"
463,o0888,"['K00SX1D', 'K01QT7U', 'K04O12L']"
464,o1105,[]
465,o1214,[]
466,o1546,[]
467,o1581,[]
468,o1585,[]
469,o3273,['K02F36Y']
470,o3858,[]
471,o3883,[]
472,o4555,[]
473,o4847,[]
474,o5412,[]
475,o5446,[]
476,o5447,[]
477,o5448,[]
478,o5476,[]
479,o5477,[]
480,o5478,[]
481,o5624,[]
482,o5679,[]
483,o6028,[]
484,o6121,[]
485,o6439,['K13RF7T']
486,o6479,[]
487,o8338,[]
488,o8770,[]
489,o8788,[]
490,o8792,[]
491,o8823,[]
492,o8869,"['K00SX1F', 'K01XP5F']"
493,p1130,[]
494,p1551,[]
495,p1552,[]
496,p1553,[]
497,p1554,[]
498,p1555,[]
499,p4312,[]
500,p6977,[]
501,p7717,[]
502,p8151,[]
503,q3588,[]
504,q3591,[]
505,q3597,[]
506,q3601,[]
507,q3615,[]
508,q3617,[]
509,q3618,[]
510,q3620,[]
511,q3622,[]
512,q3624,[]
513,q3627,[]
514,q3629,['K01OA8U']
515,q3634,[]
516,q3635,[]
517,q3639,[]
518,q3640,[]
519,q3642,[]
520,q3643,[]
521,q3644,[]
522,q3645,[]
523,q3646,['K22G03Z']
524,q3647,[]
525,q3649,[]
526,q3652,[]
527,q3653,[]
528,q3655,[]
529,q3658,['K02F06X']
530,q3659,[]
531,q3671,[]
532,q3672,[]
533,q3673,[]
534,q3674,[]
535,q3675,[]
536,q3676,[]
537,q3677,[]
538,q3678,"['J99D08E', 'J99K17K', 'K01DA8N', 'K02G33B', 'K02TU1G', 'K13SA0K', 'K15VG8P']"
539,q3680,[]
540,q3681,[]
541,q3682,[]
542,q3683,[]
543,q3684,[]
544,q3686,[]
545,q3687,['K03UT1W']
546,q3688,[]
547,q3689,[]
548,q3690,[]
549,q3691,[]
550,q3692,[]
551,q3693,[]
552,q3695,[]
553,q3696,[]
554,q3697,[]
555,q3698,[]
556,q3699,[]
557,q3700,[]
558,q3701,[]
559,q3702,[]
560,q3703,[]
561,q3704,[]
562,q3705,[]
563,q3706,[]
564,q3708,[]
565,q3709,[]
566,q3710,[]
567,q3711,[]
568,q3712,[]
569,q3713,[]
570,q3714,[]
571,q3715,['K01FJ3D']
572,q3716,[]
573,q3717,[]
574,q3718,[]
575,q3719,[]
576,q3720,[]
577,q3721,['J99K16T']
578,q3722,[]
579,q3723,"['J99D08L', 'K00GE6Y', 'K00P30B', 'K01DA6S', 'K02CF4R', 'K03Q91L', 'K15VH3A']"
580,q3724,[]
581,q3725,[]
582,q3726,[]
583,q3727,[]
584,q3729,[]
585,q3730,[]
586,q3731,[]
587,q3733,[]
588,q3734,['K00Sb0X']
589,q3735,[]
590,q3736,[]
591,q3738,[]
592,q3739,[]
593,q3740,[]
594,q3741,[]
595,q3742,[]
596,q3743,[]
597,q3744,['K04XI6X']
598,q3745,"['J95K01J', 'J99CB8W', 'K00SX1E', 'K01XP5E', 'K03L06Z', 'K04D77F']"
599,q3746,[]
600,q3748,"['z2203', 'J99D08N', 'K04D71L', 'K04V78M', 'K06UW1M']"
601,q3749,[]
602,q3750,[]
603,q3751,[]
604,q3752,[]
605,q3753,[]
606,q3754,[]
607,q3755,[]
608,q3756,[]
609,q3757,[]
610,q3758,[]
611,q3759,[]
612,q3760,[]
613,q3761,"['J99JD2A', 'K22L15S']"
614,q3762,[]
615,q3763,[]
616,q3764,[]
617,q3765,[]
618,q3766,[]
619,q3767,[]
620,q3768,[]
621,q3769,[]
622,q3770,[]
623,q3771,[]
624,q3772,[]
625,q3773,[]
626,q3774,[]
627,q3776,[]
628,q3777,[]
629,q3778,[]
630,q3780,[]
631,q3782,[]
632,q3783,[]
633,q3784,[]
634,q3785,[]
635,q3787,[]
636,q3789,"['J99D08E', 'K02PF2T', 'K05P21N']"
637,q3790,[]
638,q3791,[]
639,q3793,[]
640,q3794,[]
641,q3797,[]
642,q3798,[]
643,q3800,[]
644,q3899,[]
645,q3955,[]
646,q3965,[]
647,q3983,[]
648,q4049,[]
649,q4179,[]
650,q4216,[]
651,q4217,[]
652,q4365,[]
653,q4366,"['K00SX1G', 'K04D71L']"
654,q4435,[]
655,q4457,[]
656,q4460,[]
657,q4531,[]
658,q4612,[]
659,q4613,[]
660,q4747,[]
661,q4834,"['J99H11Z', 'K07L38F']"
662,q5257,[]
663,q5258,[]
664,q5460,[]
665,q5461,[]
666,q5462,['K14Se3U']
667,q5595,[]
668,q5596,[]
669,q5729,[]
670,q5815,[]
671,q5816,[]
672,q7328,[]
673,q7443,[]
674,q7603,[]
675,q7604,['K02G32T']
676,q8219,[]
677,q8381,[]
678,q9780,[]
679,q9823,[]
680,q9938,[]
681,q9939,[]
682,q9940,[]
683,r0055,[]
684,r0231,[]
685,r0664,[]
686,r0838,[]
687,r0839,[]
688,r0930,['K04U10S']
689,r0941,[]
690,r0955,[]
691,r1015,[]
692,r1016,[]
693,r1017,[]
694,r1040,[]
695,r1074,[]
696,r1075,[]
697,r1076,['K01QT7S']
698,r1077,[]
699,r1141,[]
700,r1142,[]
701,r1224,[]
702,r1682,[]
703,r1683,[]
704,r1684,[]
705,r1917,[]
706,r1942,[]
707,r2026,[]
708,r2027,[]
709,r2037,[]
710,r2038,[]
711,r2039,[]
712,r2092,"['K00SX1G', 'K02PF3O', 'K02TU1A', 'K03YH9N', 'K15VH0W']"
713,r2093,[]
714,r2094,[]
715,r2095,['J99RL5T']
716,r2184,[]
717,r2660,[]
718,r3028,[]
719,r3085,[]
720,r3205,"['K02PF3O', 'K02TU1A']"
721,r3206,['K01QT7S']
722,r3207,['K20K54L']
723,r3208,[]
724,r3209,[]
725,r3210,[]
726,r3211,[]
727,r3396,[]
728,r3397,[]
729,r3398,[]
730,r3506,[]
731,r3507,[]
732,r3508,[]
733,r3559,[]
734,r3560,[]
735,r3561,[]
736,r3562,[]
737,r3563,[]
738,r3676,[]
739,r3704,[]
740,r3868,[]
741,r4073,[]
742,r4074,"['K02TU1C', 'K04PB2E', 'K05P21N']"
743,r4161,[]
744,r4251,[]
745,r4314,[]
746,r4315,[]
747,r4405,"['K02PF3O', 'K02TU1A']"
748,r4625,['K02PF3D']
749,r4626,[]
750,r4627,[]
751,r4631,[]
752,r5017,[]
753,r5018,[]
754,r5019,[]
755,r5020,[]
756,r5021,"['K00QM6F', 'K01FJ3C', 'K01OA8S', 'K02PF3D']"
757,r5022,[]
758,r5023,[]
759,r5024,[]
760,r5025,[]
761,r5026,[]
762,r5027,[]
763,r5028,[]
764,r5029,[]
765,r5030,[]
766,r5031,[]
767,r5032,[]
768,r5167,[]
769,r5168,[]
770,r5169,[]
771,r5228,[]
772,r5229,[]
773,r5230,[]
774,r5231,[]
775,r5466,[]
776,r5985,[]
777,r5986,[]
778,r5987,[]
779,r5988,[]
780,r5989,"['J99K16T', 'K03UT1X']"
781,r5990,[]
782,r5991,[]
783,r5992,[]
784,r5993,[]
785,r5994,[]
786,r6287,[]
787,r6919,[]
788,r6920,[]
789,r6921,[]
790,r6922,[]
791,r8495,[]
792,r8690,[]
793,r8691,"['K00J81H', 'K03WI8Q']"
794,s0205,[]
795,s1132,[]
796,s2258,[]
797,s2889,[]
798,s3354,[]
799,s3375,[]
800,s3376,[]
801,s3377,[]
802,s3435,[]
803,s3454,[]
804,s3733,[]
805,s3734,[]
806,s3735,[]
807,s4430,[]
808,s4977,[]
809,s5293,[]
810,s5361,[]
811,s6974,[]
812,s7375,[]
813,s7616,[]
814,s7617,['K01OA8U']
815,s7893,"['K00P29Z', 'K01FJ3D']"
816,s8141,[]
817,s8504,"['K02CF4Q', 'K02PF2R', 'K02TU1B', 'K05EU0J', 'K11Uf2D', 'K13SA0N', 'K14UM8C', 'K14UR7L', 'K15RS0K']"
818,t0310,[]
819,t0564,[]
820,t2033,[]
821,t2474,[]
822,t2555,[]
823,t2678,[]
824,t2679,[]
825,t3137,[]
826,t3138,[]
827,t3893,[]
828,t3898,[]
829,t4000,[]
830,t4099,[]
831,t4102,[]
832,t4780,[]
833,t4856,[]
834,t4982,['K01XP5F']
835,t5426,"['z2203', 'J99D08N', 'K02PE7N']"
836,t5591,[]
837,t5632,[]
838,t5678,[]
839,t5756,[]
840,t5757,[]
841,t5758,[]
842,t5820,[]
843,t5915,[]
844,t5916,[]
845,t6004,[]
846,t6067,[]
847,t6068,[]
848,t6130,[]
849,t6416,[]
850,t8093,[]
851,t8094,['K15RR8V']
852,t8095,[]
853,t8168,[]
854,t8224,[]
855,t9176,['J98K66E']
856,t9177,[]
857,t9178,[]
858,t9179,[]
859,t9180,['J99D08Q']
860,t9181,[]
861,t9182,[]
862,t9239,[]
863,t9800,[]
864,t9801,[]
865,u0039,[]
866,u0414,[]
867,u0552,[]
868,u2274,[]
869,u4160,['K09DE3J']
870,u6442,[]
871,u7065,[]
872,u7070,[]
873,u7122,[]
874,u7129,[]
875,u8573,[]
876,v4372,[]
877,v4398,[]
878,v4441,[]
879,v5713,['K05ET6P']
880,v6162,[]
881,v6212,['K00GE6W']
882,v6256,[]
883,v6257,[]
884,v6357,[]
885,v6525,[]
886,v7578,[]
887,v7627,[]
888,v8559,[]
889,v8832,[]
890,v8833,[]
891,v8834,[]
892,v8835,[]
893,v8847,[]
894,v8991,[]
895,v8992,[]
896,v8993,[]
897,v8997,[]
898,v9062,[]
899,v9077,"['J95K01J', 'J99CB8W', 'K00SX1E', 'K01XP5E', 'K02PF3L', 'K03L06Z', 'K03Q90Z', 'K03Q91C', 'K04PA7U', 'K05P23D']"
900,v9246,[]
901,w1804,[]
902,w2301,[]
903,w3751,[]
904,w4778,[]
905,w5899,[]
906,w5912,[]
907,w5913,[]
908,w7670,['K04V78M']
909,w9683,[]
910,x0218,[]
911,x1370,[]
912,x1376,[]
913,x1392,[]
914,x1486,[]
915,x2044,[]
916,x2064,[]
917,x2147,[]
918,x2148,[]
919,x2149,[]
920,x2245,[]
921,x2487,[]
922,x3616,"['J99D08F', 'K00SX1G', 'K02TU1A', 'K04D71L']"
923,x3617,['K15VG6C']
924,x4337,[]
925,x4872,[]
926,x4994,[]
927,x7614,[]
928,x9752,[]
929,y0181,[]
930,y0217,[]
931,y1690,[]
932,y2572,[]
933,y2714,[]
934,y2715,[]
935,y2716,[]
936,y3108,[]
937,y6187,[]
938,y6357,[]
939,y6653,[]
940,y6985,[]
941,y6988,[]
942,y9221,[]
943,y9222,[]
944,z2019,['K01FJ3F']
945,z2026,[]
946,z2029,[]
947,z2045,"['K00SX1C', 'K02PF3J', 'K03UT1X']"
948,z2047,[]
949,z2048,[]
950,z2049,[]
951,z2051,[]
952,z2060,['K00QM6F']
953,z2081,[]
954,z2082,['K06QI0Z']
955,z2083,[]
956,z2084,[]
957,z2085,['K01OA8U']
958,z2086,[]
959,z2087,['K05ET6P']
960,z2088,[]
961,z2092,"['K01XP5F', 'K04V76A']"
962,z2093,[]
963,z2095,['K15RS1M']
964,z2100,[]
965,z2101,[]
966,z2102,[]
967,z2141,[]
968,z2144,[]
969,z2145,[]
970,z2146,[]
971,z2147,"['K02PF3P', 'K11Uf2F']"
972,z2148,[]
973,z2149,[]
974,z2150,[]
975,z2156,[]
976,z2157,['K02PF3D']
977,z2158,[]
978,z2161,['K03UT1W']
979,z2166,"['J99D08N', 'K04D71L']"
980,z2167,[]
981,z2174,[]
982,z2175,[]
983,z2176,[]
984,z2203,"['J99K17K', 'K01XP4V', 'K02G33B', 'K02PF2T', 'K02TU1G']"
985,z2208,[]
986,z2213,['J97R13L']
987,z2214,[]
988,z2217,[]
989,z2218,[]
990,z2223,[]
991,z2236,[]
992,z2237,[]
993,z2238,"['K00J81H', 'K00SX1B', 'K02VD1C']"
994,z2239,[]
995,z2240,[]
996,z2241,['K02PF3O']
997,z2242,[]
998,z2243,[]
999,z2244,"['J99K16T', 'K02PF3D', 'K02PF3J']"
1000,z2245,[]
1001,z2332,[]
1002,z2333,[]
1003,z2349,[]
1004,z2350,[]
1005,z2351,[]
1006,z2352,"['K01RE3V', 'K02CF4O']"
1007,z2388,"['J99RL5F', 'K01QT7V', 'K02PF3B', 'K04V76A']"
1008,z2524,[]
1009,z2533,[]
1010,z2547,[]
1011,z2548,[]
1012,z2549,[]
1013,z2573,[]
1014,z2574,[]
1015,z2575,[]
1016,z2576,[]
1017,z2577,[]
1018,z2578,[]
1019,z2579,[]
1020,z2580,[]
1021,z2581,[]
1022,z2582,"['K01DA8N', 'K02PF2W']"
1023,z2583,['J99K16T']
1024,z2584,[]
1025,z2619,"['K01FJ3F', 'K02TU1F']"
1026,z2620,"['K01OA8U', 'K02V95C', 'K05ET6P']"
1027,z2621,['K02VD1C']
1028,z2658,[]
1029,z2687,"['J99RL5T', 'K02PE9E', 'K02PF5E', 'K02TU1B', 'K05EU0J', 'K15RS0K']"
1030,z2688,[]
1031,z2719,['K04PB2E']
1032,z2732,[]
1033,z2733,[]
1034,z2772,[]
1035,z2793,[]
1036,z2794,[]
1037,z2795,"['K00J81H', 'K00SX1B']"
1038,z2798,[]
1039,z2802,[]
1040,z2883,[]
1041,z2891,[]
1042,z2892,[]
1043,z2911,[]
1044,z2931,[]
1045,z2951,[]
1046,z2952,[]
1047,z2953,[]
1048,z2985,[]
1049,z3037,[]
1050,z3087,[]
1051,z3100,[]
1052,z3214,[]
1053,z3349,[]
1054,z3411,[]
1055,z3412,[]
1056,z3468,[]
1057,z3469,[]
1058,z3490,[]
1059,z3619,[]
1060,z3620,[]
1061,z3717,[]
1062,z3766,[]
1063,z3857,[]
1064,z3858,[]
1065,z3908,[]
1066,z4592,[]
1067,z4688,"['J99D08Q', 'K01DA8N', 'K02PF2W']"
1068,z6560,[]
1069,z7103,[]
1070,~000v,[]
1071,~0013,[]
1072,~001C,[]
1073,~001D,[]
1074,~001O,[]
1075,~001P,[]
1076,~001Q,[]
1077,J93R00P,['K13TH2J']
1078,J94E02S,[]
1079,J94T00A,[]
1080,J94T00G,"['K00Y01X', 'K02PE9N', 'K02TU1J', 'K04PB7U', 'K13GD7P', 'K13RF8Q', 'K13SA0W', 'K15VH0Y', 'K15VH2X', 'K21L44J']"
1081,J94T00H,"['J99RP7K', 'K03UT2H', 'K05EV8W', 'K13J63W', 'K13TI7C', 'K15G56Y', 'K15G57G', 'K20K55M']"
1082,J94T02G,"['J99CD1W', 'J99H12H', 'K00P30B', 'K15VH1R']"
1083,J95D02B,[]
1084,J95F21B,['K15MF0L']
1085,J95G00J,[]
1086,J95G07A,['K02TU1A']
1087,J95G07Y,"['K11Uf2B', 'K13U18C', 'K14UN1K']"
1088,J95K01J,['K04D77F']
1089,J95K01K,[]
1090,J95Y03Y,[]
1091,J96A20R,[]
1092,J96A20S,[]
1093,J96K01V,[]
1094,J96K01X,['J97U25G']
1095,J96K01Y,[]
1096,J96P00W,[]
1097,J96R20Q,[]
1098,J96R33X,[]
1099,J97C29W,[]
1100,J97G45A,[]
1101,J97M10D,[]
1102,J97Q04H,"['K02V95C', 'K04XI6X']"
1103,J97R06Y,"['K00SX1J', 'K02TU1L', 'K10TI2L', 'K13TM8W', 'K14Od4C', 'K20K54J']"
1104,J97R09X,['K02PF3B']
1105,J97R13L,[]
1106,J97S27O,[]
1107,J97T08X,[]
1108,J97U25G,['K14UM8C']
1109,J98FE4S,"['K00P30B', 'K03YH9S']"
1110,J98HF1L,[]
1111,J98HF1N,[]
1112,J98HF1O,[]
1113,J98HF1R,[]
1114,J98K61Y,['K01OA8S']
1115,J98K65S,"['K02TU1C', 'K04PB2E', 'K05P21N']"
1116,J98K66D,[]
1117,J98K66E,"['J99JD2H', 'J99O04A', 'K00P30M', 'K02F36W', 'K02PE9O', 'K02PH0Y', 'K03B91F', 'K15KJ9L', 'K15RR9M', 'K15VG8Q', 'K15VH2Z', 'K16R82H']"
1118,J98K66F,[]
1119,J98K66G,['K15VH1L']
1120,J98Q01J,[]
1121,J98U43R,[]
1122,J98W24U,[]
1123,J98W24V,[]
1124,J98W24X,[]
1125,J98W24Z,[]
1126,J98W31S,[]
1127,J98W31V,[]
1128,J98W31W,[]
1129,J98W31Y,[]
1130,J98W31Z,[]
1131,J99CB8W,"['K03Q91C', 'K20P95G']"
1132,J99CB8X,[]
1133,J99CB8Y,[]
1134,J99CB8Z,[]
1135,J99CB9A,"['K02PF3P', 'K02TU1E']"
1136,J99CB9B,[]
1137,J99CB9C,[]
1138,J99CB9D,[]
1139,J99CB9H,[]
1140,J99CB9J,[]
1141,J99CB9K,"['J99JD2H', 'K01FI5T', 'K04D64G', 'K04D64N', 'K15VG8Q']"
1142,J99CB9M,[]
1143,J99CB9N,[]
1144,J99CD1W,['K01QT7S']
1145,J99CD1Y,[]
1146,J99CD1Z,"['K01DA8S', 'K03WI8V']"
1147,J99CD2A,[]
1148,J99CD3Q,[]
1149,J99CD3R,"['K15G58O', 'K15VG8Q']"
1150,J99CF3M,[]
1151,J99CF3N,[]
1152,J99CF3P,[]
1153,J99CF3Q,[]
1154,J99CF3R,"['K01DA8Q', 'K02PF2W', 'K02TU1E']"
1155,J99CF3S,[]
1156,J99CF3T,[]
1157,J99CF4G,[]
1158,J99CF4H,"['K00SX1E', 'K03Q91C', 'K04D77F']"
1159,J99CF8K,[]
1160,J99D00A,[]
1161,J99D07Z,[]
1162,J99D08A,[]
1163,J99D08B,['K01OA8U']
1164,J99D08C,['K03WI8V']
1165,J99D08D,[]
1166,J99D08E,"['K01XP4V', 'K02G33B']"
1167,J99D08F,['K04D71L']
1168,J99D08G,[]
1169,J99D08H,[]
1170,J99D08L,"['K00Y02F', 'K01XP4X', 'K15G57D', 'K15VG8X']"
1171,J99D08M,"['K00CA4N', 'K03G55F', 'K13U18A', 'K15G56T', 'K15G57N']"
1172,J99D08N,['K04D71L']
1173,J99D08O,"['K13TH2L', 'K15VG9X']"
1174,J99D08P,[]
1175,J99D08Q,[]
1176,J99D08R,[]
1177,J99G46S,[]
1178,J99H11S,[]
1179,J99H11Y,[]
1180,J99H11Z,['K02PF2T']
1181,J99H12A,['K02PF2T']
1182,J99H12D,[]
1183,J99H12G,[]
1184,J99H12H,['K04V78M']
1185,J99H12J,['K02TU1E']
1186,J99JC7V,[]
1187,J99JD2A,"['K02TU1F', 'K03UT1W']"
1188,J99JD2B,[]
1189,J99JD2C,[]
1190,J99JD2D,"['K01DA8S', 'K03WI8V']"
1191,J99JD2E,[]
1192,J99JD2F,['K01DA6R']
1193,J99JD2H,['K15RR9M']
1194,J99JD2J,[]
1195,J99JD2K,[]
1196,J99K16T,['K01FJ3C']
1197,J99K17K,"['K01DA8N', 'K02G33B']"
1198,J99K17L,[]
1199,J99K18R,[]
1200,J99L37B,[]
1201,J99O03Z,[]
1202,J99O04A,[]
1203,J99O04C,[]
1204,J99O04D,[]
1205,J99O04G,[]
1206,J99O04H,[]
1207,J99O04K,[]
1208,J99RL4S,"['K00GE6X', 'K01OA9G', 'K01QT7X', 'K02CF4W', 'K02PE9E', 'K02PF5E', 'K06QI0U', 'K15VH1N']"
1209,J99RL4T,['K02TU1E']
1210,J99RL4U,[]
1211,J99RL4V,[]
1212,J99RL4W,[]
1213,J99RL4X,[]
1214,J99RL4Z,[]
1215,J99RL5B,[]
1216,J99RL5F,"['K03QB3Y', 'K04V76A', 'K13SA1G']"
1217,J99RL5G,[]
1218,J99RL5R,[]
1219,J99RL5T,"['K00GE6X', 'K01K76F', 'K02PE9E', 'K02PF2R', 'K02PF5D', 'K02PF5E', 'K03Q90U', 'K06QI0U', 'K15VH1W']"
1220,J99RL5V,[]
1221,J99RL5W,[]
1222,J99RL5X,[]
1223,J99RL6C,[]
1224,J99RP7K,"['K01DA8M', 'K01DA8Q']"
1225,J99S28A,[]
1226,J99T11R,[]
1227,J99X35S,[]
1228,K00AM9B,[]
1229,K00AP5B,[]
1230,K00AP5C,[]
1231,K00AP5D,[]
1232,K00AP5E,['K01OA8U']
1233,K00AP5F,[]
1234,K00CA4L,[]
1235,K00CA4M,[]
1236,K00CA4N,"['K01DA8O', 'K02G33A', 'K13U18A', 'K15G56T', 'K15G57N']"
1237,K00CA4O,[]
1238,K00CA5K,[]
1239,K00CA5L,[]
1240,K00CA5P,[]
1241,K00CA5S,[]
1242,K00CA5Y,[]
1243,K00CB4N,[]
1244,K00CB4O,[]
1245,K00CB4P,[]
1246,K00D08G,[]
1247,K00F08B,[]
1248,K00F08C,['K01OA8U']
1249,K00F08H,['K02PF3N']
1250,K00F53R,[]
1251,K00F53S,[]
1252,K00F53T,[]
1253,K00F53U,['K02PF5D']
1254,K00F53W,[]
1255,K00F53Y,[]
1256,K00F53Z,[]
1257,K00GD7M,[]
1258,K00GE6V,[]
1259,K00GE6W,"['K03FC7H', 'K11HA3F', 'K13SA0Z']"
1260,K00GE6X,"['K01FJ3F', 'K03UT1W']"
1261,K00GE6Y,['K02PF3N']
1262,K00GE6Z,[]
1263,K00GE7F,[]
1264,K00GE7K,[]
1265,K00GE7L,['K13SB3A']
1266,K00GE7M,[]
1267,K00H46E,[]
1268,K00J81F,[]
1269,K00J81H,[]
1270,K00K04L,[]
1271,K00K65P,[]
1272,K00O51B,[]
1273,K00O67H,"['K01DA8N', 'K02PF2W']"
1274,K00O67P,[]
1275,K00P29U,"['K01XP5F', 'K02PF3O']"
1276,K00P29W,[]
1277,K00P29X,[]
1278,K00P29Y,['K01OA8U']
1279,K00P29Z,['K02PF3N']
1280,K00P30A,[]
1281,K00P30B,"['K03B91H', 'K06QI1M', 'K06QI1O', 'K13GF8M', 'K13RA9O', 'K13SA1D']"
1282,K00P30C,['K04V78M']
1283,K00P30D,[]
1284,K00P30F,[]
1285,K00P30G,[]
1286,K00P30H,[]
1287,K00P30L,[]
1288,K00P30M,"['K00SX1C', 'K03UT1X']"
1289,K00P30N,[]
1290,K00P30Q,[]
1291,K00P30R,['K02TU1G']
1292,K00P30S,[]
1293,K00QM6B,[]
1294,K00QM6D,"['K00WI3O', 'K03Q91M', 'K04D71M', 'K10TI2L', 'K11BG3S', 'K11J31W', 'K15G57O', 'K15VH3D', 'K21L44W']"
1295,K00QM6F,"['K00SX1C', 'K02PF3D', 'K02PF3J']"
1296,K00QM6G,[]
1297,K00QM6H,[]
1298,K00QM6J,['K02PF3B']
1299,K00QM6K,[]
1300,K00QM6L,[]
1301,K00QP1N,[]
1302,K00QP2J,[]
1303,K00QP2K,[]
1304,K00QP2L,[]
1305,K00QP2N,"['K13SB1Z', 'K14P82M', 'K15G55B']"
1306,K00QP2O,[]
1307,K00SV4U,[]
1308,K00SX1B,['K03WI8Q']
1309,K00SX1C,['K03UT1X']
1310,K00SX1D,"['K01QT7U', 'K13U18B', 'K15VH2Y']"
1311,K00SX1E,"['K03Q91C', 'K13SA6K']"
1312,K00SX1F,"['K01QT7V', 'K01XP5F', 'K06C69H']"
1313,K00SX1G,['K02TU1A']
1314,K00SX1H,['K02TU1F']
1315,K00SX1J,"['K06HC2Y', 'K14UN1K', 'K15RR9X']"
1316,K00SX1K,[]
1317,K00SX1L,"['K05EV8C', 'K13GD7C', 'K15VH3T']"
1318,K00SX1M,[]
1319,K00SX1O,[]
1320,K00SX1P,[]
1321,K00SX1Q,[]
1322,K00SX1R,[]
1323,K00SX1S,[]
1324,K00SX1T,[]
1325,K00SX1U,[]
1326,K00Sb0W,[]
1327,K00Sb0X,[]
1328,K00Sb0Y,['K01DA8S']
1329,K00W12V,[]
1330,K00W12W,[]
1331,K00W12X,[]
1332,K00WI3L,[]
1333,K00WI3M,[]
1334,K00WI3N,[]
1335,K00WI3O,['K22F12K']
1336,K00Y01V,['K02TU1E']
1337,K00Y01W,['K02PE9F']
1338,K00Y01X,[]
1339,K00Y01Y,[]
1340,K00Y01Z,[]
1341,K00Y02A,['K04XI6X']
1342,K00Y02D,[]
1343,K00Y02E,[]
1344,K00Y02F,[]
1345,K00Y02G,[]
1346,K00Y29B,[]
1347,K00YE2Q,[]
1348,K00YE2Y,[]
1349,K01DA6B,"['K02TU1F', 'K03UT1W']"
1350,K01DA6C,['K01DA6R']
1351,K01DA6D,[]
1352,K01DA6R,[]
1353,K01DA6S,"['K02CF4R', 'K06HC2W', 'K15G57D', 'K16R82R']"
1354,K01DA8M,"['K01DA8N', 'K01DA8Q']"
1355,K01DA8N,"['K01DA8Q', 'K02G33B']"
1356,K01DA8O,"['K02G33A', 'K13U17N', 'K13U18A', 'K14UN0A', 'K15G56T']"
1357,K01DA8P,[]
1358,K01DA8Q,[]
1359,K01DA8S,[]
1360,K01DA8T,[]
1361,K01DA8U,[]
1362,K01DA8V,[]
1363,K01E24S,[]
1364,K01FH2U,[]
1365,K01FI5B,[]
1366,K01FI5C,[]
1367,K01FI5L,[]
1368,K01FI5S,[]
1369,K01FI5T,[]
1370,K01FJ3C,[]
1371,K01FJ3D,['K01FJ3F']
1372,K01FJ3F,[]
1373,K01FJ3G,[]
1374,K01FJ3J,[]
1375,K01FJ4J,[]
1376,K01FJ4K,[]
1377,K01FJ4M,[]
1378,K01FJ4N,[]
1379,K01H59A,[]
1380,K01K76F,['K02PF2T']
1381,K01K76G,[]
1382,K01K76H,[]
1383,K01K76L,[]
1384,K01K76M,['K14Se3U']
1385,K01K76Q,[]
1386,K01K76S,[]
1387,K01K76W,[]
1388,K01K76Y,[]
1389,K01K76Z,[]
1390,K01K77A,[]
1391,K01K77E,[]
1392,K01K77G,[]
1393,K01K77O,[]
1394,K01OA8J,[]
1395,K01OA8K,[]
1396,K01OA8L,[]
1397,K01OA8M,[]
1398,K01OA8N,['K04V78M']
1399,K01OA8O,[]
1400,K01OA8Q,['K04PB2E']
1401,K01OA8R,[]
1402,K01OA8S,[]
1403,K01OA8T,[]
1404,K01OA8U,[]
1405,K01OA8Y,[]
1406,K01OA8Z,['K02PF2T']
1407,K01OA9G,['K02TU1F']
1408,K01OA9M,[]
1409,K01P47K,[]
1410,K01QT7Q,[]
1411,K01QT7S,[]
1412,K01QT7U,"['K04O12L', 'K13V71W', 'K15VG8T']"
1413,K01QT7V,"['K02PF3B', 'K04V76A']"
1414,K01QT7X,[]
1415,K01QT7Z,[]
1416,K01QT8A,[]
1417,K01QW2W,[]
1418,K01RE3V,[]
1419,K01RE3W,[]
1420,K01RE3Y,[]
1421,K01RF5L,[]
1422,K01ST1D,[]
1423,K01ST1E,[]
1424,K01U17A,[]
1425,K01U17B,[]
1426,K01U17C,[]
1427,K01U18N,[]
1428,K01U18P,[]
1429,K01V71N,[]
1430,K01XP4U,[]
1431,K01XP4V,[]
1432,K01XP4W,"['K10LA9K', 'K11SS1W', 'K13SA0J', 'K15KH5X', 'K15VH0F']"
1433,K01XP4X,['K03UT1W']
1434,K01XP5B,[]
1435,K01XP5C,[]
1436,K01XP5E,['K03Q90X']
1437,K01XP5F,"['K04V76A', 'K06C69H', 'K13SA1G']"
1438,K01XP5G,[]
1439,K01XP5J,[]
1440,K01XP5Z,[]
1441,K01Y61K,[]
1442,K02A91R,[]
1443,K02CF4O,"['K02CF4R', 'K02G31Y', 'K10TJ2F', 'K13TM9O', 'K15G58C', 'K15VG8V', 'K16R82R']"
1444,K02CF4Q,"['K05EU0J', 'K15VH2W']"
1445,K02CF4R,"['K02G31Y', 'K03B91H', 'K13TM8O']"
1446,K02CF4S,['K02PF3N']
1447,K02CF4T,[]
1448,K02CF4U,['K03WI8V']
1449,K02CF4V,[]
1450,K02CF4W,[]
1451,K02CF4Y,[]
1452,K02CF4Z,['K02PF2W']
1453,K02CM4X,[]
1454,K02CM5A,[]
1455,K02CM5B,[]
1456,K02CO8Z,[]
1457,K02CO9A,[]
1458,K02CO9B,[]
1459,K02CP1C,[]
1460,K02CP1D,['K02PE9F']
1461,K02CP1E,[]
1462,K02F06V,[]
1463,K02F06X,[]
1464,K02F07P,[]
1465,K02F36W,[]
1466,K02F36X,[]
1467,K02F36Y,"['K02W21L', 'K05JH9Q', 'K13TM8W']"
1468,K02G31W,[]
1469,K02G31X,['K03WI8Q']
1470,K02G31Y,"['K06J81W', 'K06UW1M']"
1471,K02G32A,[]
1472,K02G32B,[]
1473,K02G32C,['K02PF2T']
1474,K02G32E,[]
1475,K02G32K,[]
1476,K02G32L,[]
1477,K02G32M,[]
1478,K02G32N,[]
1479,K02G32O,[]
1480,K02G32Q,[]
1481,K02G32R,[]
1482,K02G32S,[]
1483,K02G32T,[]
1484,K02G32U,[]
1485,K02G32W,[]
1486,K02G33A,[]
1487,K02G33B,[]
1488,K02GG6H,[]
1489,K02GG6J,[]
1490,K02PE7N,"['K15VH2S', 'K20K55U']"
1491,K02PE9E,"['K02PF5E', 'K13U15N', 'K22L17E']"
1492,K02PE9F,"['K15VG9E', 'K15VH3R']"
1493,K02PE9H,[]
1494,K02PE9J,[]
1495,K02PE9K,"['K10JL0J', 'K13SB2V', 'K15RR9Y', 'K15Ta2P', 'K16S57U']"
1496,K02PE9N,"['K04PB7U', 'K15G57E']"
1497,K02PE9O,['K05ET6P']
1498,K02PE9P,[]
1499,K02PE9Q,[]
1500,K02PE9R,[]
1501,K02PF0G,[]
1502,K02PF2Q,[]
1503,K02PF2R,['K15RS0E']
1504,K02PF2S,[]
1505,K02PF2T,['K05P21N']
1506,K02PF2U,[]
1507,K02PF2V,['K04XI6X']
1508,K02PF2W,[]
1509,K02PF2X,[]
1510,K02PF2Y,[]
1511,K02PF2Z,[]
1512,K02PF3A,[]
1513,K02PF3B,[]
1514,K02PF3C,[]
1515,K02PF3D,['K03UT1X']
1516,K02PF3E,[]
1517,K02PF3F,[]
1518,K02PF3G,[]
1519,K02PF3J,"['K03UT1X', 'K22L14M']"
1520,K02PF3K,[]
1521,K02PF3L,['K03Q90Z']
1522,K02PF3M,[]
1523,K02PF3N,"['K03UT1S', 'K06QI0Z']"
1524,K02PF3O,['K03YH9N']
1525,K02PF3P,[]
1526,K02PF5D,['K04D71L']
1527,K02PF5E,['K06QI0U']
1528,K02PH0R,[]
1529,K02PH0S,[]
1530,K02PH0U,[]
1531,K02PH0X,[]
1532,K02PH0Y,[]
1533,K02PH0Z,[]
1534,K02PH1A,[]
1535,K02PH1C,[]
1536,K02RA9N,[]
1537,K02TU0Z,[]
1538,K02TU1A,"['K06UW1M', 'K22L16Y']"
1539,K02TU1B,"['K03H56Z', 'K11Uf2D', 'K15VH1W', 'K22L14V']"
1540,K02TU1C,['K05P21N']
1541,K02TU1D,"['K03Q91C', 'K14V39V']"
1542,K02TU1E,[]
1543,K02TU1F,[]
1544,K02TU1G,['K15VG8P']
1545,K02TU1H,[]
1546,K02TU1J,[]
1547,K02TU1K,[]
1548,K02TU1L,[]
1549,K02TU1M,[]
1550,K02TZ1T,[]
1551,K02V94Z,[]
1552,K02V95A,[]
1553,K02V95B,[]
1554,K02V95C,['K04XI6X']
1555,K02V95D,[]
1556,K02VD0E,[]
1557,K02VD0F,[]
1558,K02VD0V,[]
1559,K02VD0W,[]
1560,K02VD0X,[]
1561,K02VD0Y,[]
1562,K02VD0Z,[]
1563,K02VD1B,[]
1564,K02VD1C,[]
1565,K02VD1D,[]
1566,K02VD1E,[]
1567,K02VD1F,[]
1568,K02VD1G,[]
1569,K02VD8D,[]
1570,K02W21L,[]
1571,K02X91D,[]
1572,K02X91E,[]
1573,K02X91F,[]
1574,K02X91G,[]
1575,K02X91J,[]
1576,K02XB4P,[]
1577,K03B91F,[]
1578,K03B91G,[]
1579,K03B91H,[]
1580,K03FC7H,[]
1581,K03FC7J,[]
1582,K03FC7L,[]
1583,K03FC7M,[]
1584,K03FC8D,['K13SB2X']
1585,K03FC9H,[]
1586,K03FC9Z,[]
1587,K03FD0A,[]
1588,K03FD0B,[]
1589,K03G53M,[]
1590,K03G55F,[]
1591,K03H56X,[]
1592,K03H56Z,"['K03L06Z', 'K03Q91C']"
1593,K03H57A,[]
1594,K03H57F,[]
1595,K03H57H,[]
1596,K03H57J,[]
1597,K03H57K,[]
1598,K03H57L,[]
1599,K03H57M,[]
1600,K03H57N,[]
1601,K03H57O,[]
1602,K03H57P,[]
1603,K03K20O,[]
1604,K03K20P,[]
1605,K03K20Q,[]
1606,K03L06Z,"['K04D77F', 'K16QD4M']"
1607,K03L07A,[]
1608,K03L07C,[]
1609,K03L07D,[]
1610,K03L07E,[]
1611,K03L07F,[]
1612,K03L07H,[]
1613,K03L09D,[]
1614,K03M13M,[]
1615,K03O33S,[]
1616,K03Q90T,[]
1617,K03Q90U,['K15G56O']
1618,K03Q90X,[]
1619,K03Q90Y,[]
1620,K03Q90Z,['K04O12L']
1621,K03Q91C,['K15VH0B']
1622,K03Q91D,[]
1623,K03Q91E,[]
1624,K03Q91F,[]
1625,K03Q91G,['K04V76A']
1626,K03Q91J,[]
1627,K03Q91L,[]
1628,K03Q91M,[]
1629,K03Q91N,[]
1630,K03Q91P,[]
1631,K03Q91S,[]
1632,K03Q91U,[]
1633,K03Q91V,[]
1634,K03Q91W,[]
1635,K03Q91X,[]
1636,K03Q91Y,[]
1637,K03QB2B,[]
1638,K03QB2C,[]
1639,K03QB2D,[]
1640,K03QB2E,[]
1641,K03QB2M,[]
1642,K03QB2N,[]
1643,K03QB2O,[]
1644,K03QB2P,[]
1645,K03QB3Y,[]
1646,K03SV7O,[]
1647,K03Sg2S,[]
1648,K03T58J,[]
1649,K03T58K,[]
1650,K03T58L,[]
1651,K03US3Y,[]
1652,K03UT1S,[]
1653,K03UT1T,[]
1654,K03UT1V,['K13U17W']
1655,K03UT1W,[]
1656,K03UT1X,[]
1657,K03UT1Y,[]
1658,K03UT1Z,[]
1659,K03UT2A,[]
1660,K03UT2B,[]
1661,K03UT2C,[]
1662,K03UT2D,[]
1663,K03UT2E,[]
1664,K03UT2F,[]
1665,K03UT2G,[]
1666,K03UT2H,"['K04XI6X', 'K05ET6P']"
1667,K03UT2K,[]
1668,K03UT2L,[]
1669,K03UT2M,[]
1670,K03UT2N,[]
1671,K03UT2O,[]
1672,K03UT2P,[]
1673,K03UT2Q,[]
1674,K03UT2U,[]
1675,K03UT2V,[]
1676,K03UT2X,[]
1677,K03UT2Y,[]
1678,K03UT2Z,[]
1679,K03UT3K,['K04PB2E']
1680,K03Uf4A,[]
1681,K03Uf4C,[]
1682,K03WI4S,[]
1683,K03WI8N,[]
1684,K03WI8Q,[]
1685,K03WI8S,[]
1686,K03WI8V,['K04U10U']
1687,K03WI8W,[]
1688,K03WJ1A,[]
1689,K03WJ3N,[]
1690,K03WJ3O,[]
1691,K03YH9J,[]
1692,K03YH9K,[]
1693,K03YH9M,[]
1694,K03YH9N,[]
1695,K03YH9P,[]
1696,K03YH9R,[]
1697,K03YH9S,[]
1698,K03YH9T,[]
1699,K03YH9V,[]
1700,K03YH9X,[]
1701,K03YH9Y,[]
1702,K03YH9Z,[]
1703,K04C39J,[]
1704,K04CB1M,[]
1705,K04D62A,[]
1706,K04D64G,[]
1707,K04D64H,[]
1708,K04D64K,[]
1709,K04D64L,[]
1710,K04D64M,[]
1711,K04D64N,[]
1712,K04D71K,[]
1713,K04D71L,[]
1714,K04D71M,[]
1715,K04D77F,"['K13TM9B', 'K14TB4Y']"
1716,K04D77G,[]
1717,K04E95O,[]
1718,K04E95P,[]
1719,K04E95Q,[]
1720,K04E95R,[]
1721,K04E95S,[]
1722,K04E95T,[]
1723,K04E95V,[]
1724,K04E96G,[]
1725,K04E96J,[]
1726,K04FG4W,[]
1727,K04H78X,[]
1728,K04H78Y,[]
1729,K04H78Z,[]
1730,K04H79A,[]
1731,K04H79B,[]
1732,K04H79C,[]
1733,K04H79D,[]
1734,K04H79E,[]
1735,K04H79G,[]
1736,K04H79H,[]
1737,K04H79K,[]
1738,K04H79L,[]
1739,K04H79M,['K13RC4Q']
1740,K04H79O,[]
1741,K04H79P,[]
1742,K04H79Q,[]
1743,K04K18V,[]
1744,K04K18Z,[]
1745,K04K19B,[]
1746,K04K19C,[]
1747,K04K19D,[]
1748,K04K19E,[]
1749,K04K19F,[]
1750,K04K19G,"['K04V76A', 'K13SA1G']"
1751,K04K19H,[]
1752,K04K19J,[]
1753,K04K19K,[]
1754,K04K19L,[]
1755,K04K19M,[]
1756,K04L31R,[]
1757,K04L31V,[]
1758,K04L31W,[]
1759,K04L32T,[]
1760,K04L32U,[]
1761,K04L32V,[]
1762,K04L32W,[]
1763,K04L32X,[]
1764,K04L32Y,[]
1765,K04L32Z,[]
1766,K04L33A,[]
1767,K04L33B,[]
1768,K04L33C,[]
1769,K04L33D,[]
1770,K04L33E,[]
1771,K04M08S,[]
1772,K04M08T,['K06QI0Z']
1773,K04M08U,[]
1774,K04M08V,[]
1775,K04M08W,[]
1776,K04M10K,[]
1777,K04M10M,[]
1778,K04M10N,[]
1779,K04M10O,[]
1780,K04M10P,[]
1781,K04N08N,[]
1782,K04O12L,['K15VH2N']
1783,K04O14J,[]
1784,K04O14L,[]
1785,K04O15P,[]
1786,K04O15Q,[]
1787,K04O15S,[]
1788,K04PA7S,[]
1789,K04PA7U,[]
1790,K04PA7V,[]
1791,K04PA7X,[]
1792,K04PA7Z,[]
1793,K04PA8B,[]
1794,K04PB1Y,[]
1795,K04PB1Z,[]
1796,K04PB2C,[]
1797,K04PB2D,[]
1798,K04PB2E,['K04U10U']
1799,K04PB2F,[]
1800,K04PB7T,[]
1801,K04PB7U,[]
1802,K04PB7V,[]
1803,K04PB7W,[]
1804,K04PB7X,[]
1805,K04PB7Y,[]
1806,K04Q29E,[]
1807,K04Q29G,[]
1808,K04Q29H,[]
1809,K04RE1W,[]
1810,K04S60C,[]
1811,K04TS2E,[]
1812,K04TZ7U,[]
1813,K04TZ7W,[]
1814,K04TZ7X,[]
1815,K04TZ8B,[]
1816,K04Tc7Z,[]
1817,K04U10D,[]
1818,K04U10E,[]
1819,K04U10F,[]
1820,K04U10S,[]
1821,K04U10T,[]
1822,K04U10U,[]
1823,K04U10W,[]
1824,K04V75U,[]
1825,K04V75V,[]
1826,K04V75W,[]
1827,K04V75X,[]
1828,K04V75Y,[]
1829,K04V75Z,[]
1830,K04V76A,"['K06C69H', 'K13SA1G']"
1831,K04V78K,[]
1832,K04V78L,[]
1833,K04V78M,[]
1834,K04V78N,[]
1835,K04VB2P,[]
1836,K04VD0T,[]
1837,K04VD0U,[]
1838,K04VD0V,[]
1839,K04VD0X,[]
1840,K04VD0Y,[]
1841,K04VD0Z,[]
1842,K04VD1D,[]
1843,K04VD1E,[]
1844,K04VD1F,[]
1845,K04VD1G,[]
1846,K04VD1H,[]
1847,K04VD1M,[]
1848,K04VD1U,[]
1849,K04XI6W,[]
1850,K04XI6X,[]
1851,K04XI6Y,[]
1852,K04XI6Z,[]
1853,K04XJ0Q,[]
1854,K04XJ0X,[]
1855,K05B49V,[]
1856,K05B49W,[]
1857,K05C81D,[]
1858,K05C81E,[]
1859,K05C81F,[]
1860,K05ET6E,[]
1861,K05ET6O,[]
1862,K05ET6P,[]
1863,K05ET8K,[]
1864,K05EU0D,[]
1865,K05EU0J,"['K13TM8U', 'K15RR9S', 'K15VH2W']"
1866,K05EU3M,[]
1867,K05EU4F,[]
1868,K05EU5H,[]
1869,K05EV8B,[]
1870,K05EV8C,['K11Uf2F']
1871,K05EV8W,[]
1872,K05EV8X,[]
1873,K05GI6W,[]
1874,K05GI6X,[]
1875,K05GI6Z,[]
1876,K05GI7A,[]
1877,K05GI7C,[]
1878,K05GI7D,[]
1879,K05GI7F,[]
1880,K05GK6X,[]
1881,K05GK6Y,[]
1882,K05GK6Z,[]
1883,K05GL0V,['K05P21N']
1884,K05GL0W,[]
1885,K05GM8H,[]
1886,K05H03L,[]
1887,K05JH4Z,[]
1888,K05JH7H,[]
1889,K05JH9O,[]
1890,K05JH9Q,[]
1891,K05JI5Y,[]
1892,K05JI6A,[]
1893,K05JI6B,[]
1894,K05JI6J,[]
1895,K05JI6K,[]
1896,K05L54A,[]
1897,K05L54B,[]
1898,K05L54C,[]
1899,K05N82P,[]
1900,K05NC5U,[]
1901,K05NC5V,[]
1902,K05O00E,[]
1903,K05P21K,[]
1904,K05P21L,[]
1905,K05P21M,[]
1906,K05P21N,[]
1907,K05P21O,[]
1908,K05P21P,[]
1909,K05P21S,[]
1910,K05P21T,[]
1911,K05P23D,[]
1912,K05P23E,[]
1913,K05P23F,[]
1914,K05P23G,[]
1915,K05P23H,[]
1916,K05R52H,[]
1917,K05SM3B,[]
1918,K05T50J,[]
1919,K05T53N,"['K13RA9L', 'K14F70L']"
1920,K05TH3H,[]
1921,K05TI9V,[]
1922,K05Uq5H,[]
1923,K05V03X,[]
1924,K05VC2Z,[]
1925,K05VC3A,[]
1926,K05VC3B,['K23B09F']
1927,K05YT2L,[]
1928,K05YT2M,[]
1929,K06A02H,[]
1930,K06A98K,[]
1931,K06A98L,[]
1932,K06A98M,[]
1933,K06A98N,[]
1934,K06A98O,[]
1935,K06A99A,[]
1936,K06AA1O,[]
1937,K06B08Z,[]
1938,K06BS4R,[]
1939,K06BS4S,[]
1940,K06C69H,[]
1941,K06E52X,[]
1942,K06F04V,[]
1943,K06HC2N,[]
1944,K06HC2O,[]
1945,K06HC2P,[]
1946,K06HC2R,[]
1947,K06HC2S,[]
1948,K06HC2T,[]
1949,K06HC2W,[]
1950,K06HC2X,[]
1951,K06HC2Y,[]
1952,K06HC2Z,[]
1953,K06HC3A,[]
1954,K06HC3B,[]
1955,K06HC3C,[]
1956,K06HC3D,[]
1957,K06HC3E,[]
1958,K06HC3G,['K16S56B']
1959,K06J57G,[]
1960,K06J58U,[]
1961,K06J58V,[]
1962,K06J81W,[]
1963,K06L01M,[]
1964,K06O22C,[]
1965,K06QI0P,[]
1966,K06QI0S,[]
1967,K06QI0T,[]
1968,K06QI0U,[]
1969,K06QI0V,[]
1970,K06QI0W,[]
1971,K06QI0X,[]
1972,K06QI0Y,[]
1973,K06QI0Z,[]
1974,K06QI1A,[]
1975,K06QI1B,[]
1976,K06QI1C,[]
1977,K06QI1D,[]
1978,K06QI1F,[]
1979,K06QI1G,[]
1980,K06QI1H,[]
1981,K06QI1K,[]
1982,K06QI1L,[]
1983,K06QI1M,[]
1984,K06QI1N,[]
1985,K06QI1O,[]
1986,K06QI1P,['K13RF7T']
1987,K06QI1Q,[]
1988,K06QI1R,[]
1989,K06QI1S,[]
1990,K06R01G,[]
1991,K06R02J,[]
1992,K06SD4O,[]
1993,K06Sa9F,[]
1994,K06Sb1L,[]
1995,K06Sf5E,[]
1996,K06Sf5F,[]
1997,K06Sf5G,[]
1998,K06Sf5H,[]
1999,K06TC1K,[]
2000,K06TD0M,[]
2001,K06TD0O,[]
2002,K06TD0P,[]
2003,K06UI4Y,[]
2004,K06UW1K,[]
2005,K06UW1M,[]
2006,K06UW1P,[]
2007,K06UW1Q,[]
2008,K06UW1R,[]
2009,K06UW1S,[]
2010,K06UW1T,[]
2011,K06V79D,[]
2012,K06WJ5S,[]
2013,K06WK6F,[]
2014,K06WK6G,[]
2015,K07B81O,[]
2016,K07BA2P,[]
2017,K07C66J,[]
2018,K07C66K,[]
2019,K07C79Q,[]
2020,K07C79R,[]
2021,K07C79S,[]
2022,K07C79T,[]
2023,K07C79U,[]
2024,K07C79V,[]
2025,K07C79W,[]
2026,K07C79X,[]
2027,K07D61A,[]
2028,K07DA1S,[]
2029,K07F51M,[]
2030,K07F51N,[]
2031,K07F51O,[]
2032,K07F51P,[]
2033,K07H45U,[]
2034,K07H90V,[]
2035,K07J45F,[]
2036,K07L38E,[]
2037,K07L38F,[]
2038,K07L38G,[]
2039,K07L38H,[]
2040,K07L38J,[]
2041,K07RV4L,['K10TJ2D']
2042,K07RV4N,[]
2043,K07RV4O,[]
2044,K07RV4P,[]
2045,K07RW6W,[]
2046,K07RW6X,[]
2047,K07RW6Y,[]
2048,K07RW6Z,[]
2049,K07S24A,[]
2050,K07TP0G,[]
2051,K07Tf8B,[]
2052,K07Tf8C,[]
2053,K07Tf8D,[]
2054,K07Tg2J,[]
2055,K07Th1U,[]
2056,K07Th1V,[]
2057,K07Th1W,[]
2058,K07Th1X,[]
2059,K07Th4B,[]
2060,K07Th4C,[]
2061,K07Th6Q,[]
2062,K07Th6R,[]
2063,K07VK0J,[]
2064,K07VP9U,[]
2065,K07VU2J,[]
2066,K07VU2K,[]
2067,K07VU5H,[]
2068,K08AB8P,[]
2069,K08AB8Q,[]
2070,K08AD8U,[]
2071,K08B18N,[]
2072,K08EE4G,[]
2073,K08H21Y,[]
2074,K08J14S,[]
2075,K08J41O,[]
2076,K08L18C,[]
2077,K08L18D,[]
2078,K08O04M,[]
2079,K08RG7G,[]
2080,K08S82E,[]
2081,K08TN9A,[]
2082,K08UX1Z,[]
2083,K08UX2A,[]
2084,K08W11T,[]
2085,K08W95A,[]
2086,K08YB2D,[]
2087,K09A16U,[]
2088,K09B80L,[]
2089,K09D02P,[]
2090,K09D47D,[]
2091,K09DE3J,[]
2092,K09DE3K,[]
2093,K09DE3L,[]
2094,K09DE3M,[]
2095,K09DE3N,[]
2096,K09DE3O,[]
2097,K09DE3P,[]
2098,K09DE3Q,[]
2099,K09DE3R,[]
2100,K09DE3S,[]
2101,K09DE3T,[]
2102,K09F23W,[]
2103,K09J18T,[]
2104,K09J18U,[]
2105,K09J18V,[]
2106,K09J18W,[]
2107,K09J18X,[]
2108,K09J18Y,[]
2109,K09J18Z,[]
2110,K09J19A,[]
2111,K09J19B,[]
2112,K09J19C,[]
2113,K09J19D,[]
2114,K09J19E,[]
2115,K09J19F,[]
2116,K09K30J,[]
2117,K09K30K,[]
2118,K09K30L,[]
2119,K09K30M,[]
2120,K09K30N,[]
2121,K09K30O,[]
2122,K09K31K,[]
2123,K09K36T,[]
2124,K09K36U,[]
2125,K09K36V,[]
2126,K09K36W,[]
2127,K09K36X,[]
2128,K09K36Y,[]
2129,K09K36Z,[]
2130,K09K37A,[]
2131,K09M10A,[]
2132,K09M10E,[]
2133,K09M10F,[]
2134,K09M10G,[]
2135,K09Q06Y,[]
2136,K09S08E,[]
2137,K09UF6F,[]
2138,K09WJ9X,[]
2139,K09X26M,[]
2140,K09Y19G,[]
2141,K09Y26R,[]
2142,K09Y26S,[]
2143,K09Y26T,[]
2144,K09Y32K,[]
2145,K10AF3V,[]
2146,K10B04L,[]
2147,K10B15D,[]
2148,K10B81X,[]
2149,K10BA1A,[]
2150,K10BA9V,[]
2151,K10BB8K,[]
2152,K10C55G,[]
2153,K10CE0Q,[]
2154,K10CE0R,[]
2155,K10CK1D,[]
2156,K10D10J,[]
2157,K10D57D,[]
2158,K10D77G,[]
2159,K10DA6F,[]
2160,K10E02R,[]
2161,K10E04G,[]
2162,K10E21E,[]
2163,K10E46B,[]
2164,K10E65Q,[]
2165,K10E65S,[]
2166,K10E65U,[]
2167,K10EA4J,[]
2168,K10ED9L,['K13SB2N']
2169,K10EE4R,[]
2170,K10EH5X,[]
2171,K10F86X,[]
2172,K10F92H,[]
2173,K10FC5Y,[]
2174,K10G34X,[]
2175,K10G64W,[]
2176,K10GE7W,[]
2177,K10GH4B,[]
2178,K10H23M,[]
2179,K10H68R,[]
2180,K10HA9G,[]
2181,K10HB2D,[]
2182,K10HC6K,[]
2183,K10J80B,[]
2184,K10JC4H,[]
2185,K10JC4J,[]
2186,K10JC4K,[]
2187,K10JE2O,[]
2188,K10JE7C,[]
2189,K10JJ1A,[]
2190,K10JL0J,[]
2191,K10JL5E,[]
2192,K10K12G,[]
2193,K10K39Z,[]
2194,K10KE8J,[]
2195,K10L61G,[]
2196,K10L68N,[]
2197,K10L68P,['K13SB1Y']
2198,K10L68Q,[]
2199,K10LA9K,[]
2200,K10LD5N,[]
2201,K10LD6B,[]
2202,K10MB6R,[]
2203,K10MD6W,[]
2204,K10N01M,[]
2205,K10NE6G,[]
2206,K10O01R,[]
2207,K10OA1M,[]
2208,K10P16K,[]
2209,K10P66T,[]
2210,K10P75U,[]
2211,K10P81O,[]
2212,K10Q07Q,[]
2213,K10R43G,[]
2214,K10R45M,[]
2215,K10R45N,[]
2216,K10R64F,[]
2217,K10R64N,[]
2218,K10RI8D,[]
2219,K10RI8F,[]
2220,K10RJ0J,[]
2221,K10RJ0K,[]
2222,K10S41B,[]
2223,K10T00H,[]
2224,K10T00J,[]
2225,K10TI2J,[]
2226,K10TI2L,[]
2227,K10TI2N,[]
2228,K10TI2P,[]
2229,K10TJ1S,[]
2230,K10TJ1T,[]
2231,K10TJ1V,[]
2232,K10TJ2A,[]
2233,K10TJ2D,[]
2234,K10TJ2E,[]
2235,K10TJ2F,[]
2236,K10TJ2G,[]
2237,K10TJ2K,[]
2238,K10TJ5S,[]
2239,K10UB0U,[]
2240,K10V11R,[]
2241,K10V21E,[]
2242,K10VI9C,[]
2243,K10VM4X,[]
2244,K10VP3D,[]
2245,K10VP3E,[]
2246,K10W09G,[]
2247,K10W75M,[]
2248,K10X91E,[]
2249,K11B40L,[]
2250,K11BG3R,[]
2251,K11BG3S,[]
2252,K11BG3T,[]
2253,K11BG3U,[]
2254,K11BH0N,[]
2255,K11BH0O,[]
2256,K11BH0P,[]
2257,K11CB9W,[]
2258,K11CB9X,[]
2259,K11CB9Y,[]
2260,K11E90Y,[]
2261,K11E90Z,[]
2262,K11F53S,[]
2263,K11G27N,[]
2264,K11G89M,[]
2265,K11H60O,[]
2266,K11H83P,[]
2267,K11HA2M,[]
2268,K11HA2Z,[]
2269,K11HA3D,[]
2270,K11HA3E,[]
2271,K11HA3F,[]
2272,K11HA3J,[]
2273,K11HA3K,[]
2274,K11HA3L,[]
2275,K11HA4N,[]
2276,K11J31W,[]
2277,K11J31X,[]
2278,K11J31Y,[]
2279,K11J32A,[]
2280,K11J32D,[]
2281,K11K48W,[]
2282,K11L29J,[]
2283,K11M04M,[]
2284,K11M11V,[]
2285,K11O17R,[]
2286,K11O45F,[]
2287,K11O60B,[]
2288,K11Q99F,[]
2289,K11R00S,[]
2290,K11R17C,[]
2291,K11S03Z,[]
2292,K11S25P,[]
2293,K11S55Q,[]
2294,K11SO9Q,[]
2295,K11SP0R,[]
2296,K11SS1W,[]
2297,K11U62Q,[]
2298,K11Ue2R,[]
2299,K11Uf0P,[]
2300,K11Uf0Q,[]
2301,K11Uf0R,[]
2302,K11Uf0S,[]
2303,K11Uf0U,[]
2304,K11Uf0V,[]
2305,K11Uf0W,[]
2306,K11Uf0X,[]
2307,K11Uf0Y,[]
2308,K11Uf0Z,[]
2309,K11Uf1A,[]
2310,K11Uf1B,[]
2311,K11Uf1D,[]
2312,K11Uf1E,[]
2313,K11Uf1F,[]
2314,K11Uf1G,[]
2315,K11Uf1H,[]
2316,K11Uf1J,[]
2317,K11Uf1L,[]
2318,K11Uf1M,[]
2319,K11Uf1N,[]
2320,K11Uf1O,[]
2321,K11Uf1P,[]
2322,K11Uf1Q,[]
2323,K11Uf1R,[]
2324,K11Uf1S,[]
2325,K11Uf1T,[]
2326,K11Uf1U,[]
2327,K11Uf1V,[]
2328,K11Uf1W,[]
2329,K11Uf1X,[]
2330,K11Uf1Y,[]
2331,K11Uf1Z,[]
2332,K11Uf2A,[]
2333,K11Uf2B,[]
2334,K11Uf2C,[]
2335,K11Uf2D,[]
2336,K11Uf2E,[]
2337,K11Uf2F,['K15VG8P']
2338,K11Uf2G,[]
2339,K11Uf2H,[]
2340,K11Uf2J,[]
2341,K11Uf2K,[]
2342,K11Uf2L,[]
2343,K11Uf2M,[]
2344,K11Uf2N,[]
2345,K11Uf2O,[]
2346,K11Uf2P,[]
2347,K11Uf2Q,[]
2348,K11Uf2R,[]
2349,K11Uf2S,[]
2350,K11Uf2T,[]
2351,K11Uf2U,[]
2352,K11Uf2V,[]
2353,K11Uf2W,[]
2354,K11Uf2X,[]
2355,K11Uf2Y,[]
2356,K11Uf2Z,[]
2357,K11Uf3A,[]
2358,K11Uf3J,[]
2359,K11Uf3K,[]
2360,K11V24Z,[]
2361,K11W41S,[]
2362,K11W74R,[]
2363,K11WF7J,[]
2364,K11Y75U,[]
2365,K12A25Z,[]
2366,K12B37U,[]
2367,K12BD0Z,[]
2368,K12BF4V,[]
2369,K12BF4Y,[]
2370,K12C29N,[]
2371,K12C36M,[]
2372,K12D30R,[]
2373,K12D61D,[]
2374,K12D85S,[]
2375,K12D98Z,[]
2376,K12DA6Q,[]
2377,K12DC1V,[]
2378,K12E18E,[]
2379,K12F78Z,[]
2380,K12F84H,[]
2381,K12F84N,[]
2382,K12F87N,[]
2383,K12G01V,[]
2384,K12G11U,[]
2385,K12G12M,[]
2386,K12G17X,[]
2387,K12H02D,[]
2388,K12H85E,[]
2389,K12H87W,[]
2390,K12H87X,[]
2391,K12K51A,[]
2392,K12L27B,[]
2393,K12O06L,[]
2394,K12P26D,[]
2395,K12S67B,[]
2396,K12T46O,[]
2397,K12T72F,[]
2398,K12T72T,[]
2399,K12TD9L,[]
2400,K12TE9N,[]
2401,K12TQ1J,[]
2402,K12TW4C,[]
2403,K12TW4D,[]
2404,K12TW4E,[]
2405,K12TW4F,[]
2406,K12TZ9F,[]
2407,K12UD8N,[]
2408,K12UH4Y,[]
2409,K12UH7G,[]
2410,K12UH7H,[]
2411,K12UH7J,[]
2412,K12UH7K,[]
2413,K12UH7L,[]
2414,K12UH7M,[]
2415,K12UH7N,[]
2416,K12UH7O,[]
2417,K12UH7P,[]
2418,K12UH7Q,[]
2419,K12UH7R,[]
2420,K12UH7S,[]
2421,K12UH7T,[]
2422,K12UH7U,[]
2423,K12UH7V,[]
2424,K12UH7W,[]
2425,K12UH8D,[]
2426,K12UI5D,[]
2427,K12UI5E,[]
2428,K12V94G,[]
2429,K12VB3P,[]
2430,K12VB6B,[]
2431,K12VC8R,[]
2432,K12W37D,[]
2433,K12W37E,[]
2434,K12W37F,[]
2435,K12W37G,[]
2436,K12XF7R,[]
2437,K12XF9W,[]
2438,K12Y06O,[]
2439,K12Y08E,[]
2440,K12Y09O,[]
2441,K12Y12F,[]
2442,K12Y12G,[]
2443,K13A60Z,[]
2444,K13AA5S,[]
2445,K13AF8X,[]
2446,K13AH4E,[]
2447,K13AI0N,[]
2448,K13AI3R,[]
2449,K13AI3S,[]
2450,K13B27N,[]
2451,K13B76L,[]
2452,K13B78K,[]
2453,K13C10Z,[]
2454,K13C77M,[]
2455,K13CB8J,[]
2456,K13CD3Y,[]
2457,K13CD4A,[]
2458,K13CM3E,[]
2459,K13CO2Z,[]
2460,K13E27Z,[]
2461,K13EE9M,[]
2462,K13EF4J,[]
2463,K13F28A,[]
2464,K13F28D,[]
2465,K13F28G,[]
2466,K13F28H,[]
2467,K13F28K,[]
2468,K13F28L,[]
2469,K13F28M,[]
2470,K13F28N,[]
2471,K13F28O,[]
2472,K13F28Q,[]
2473,K13F28S,[]
2474,K13F28T,[]
2475,K13G54Y,[]
2476,K13GD2H,[]
2477,K13GD6O,[]
2478,K13GD6Q,[]
2479,K13GD6S,[]
2480,K13GD6X,[]
2481,K13GD6Y,[]
2482,K13GD7A,[]
2483,K13GD7C,[]
2484,K13GD7E,[]
2485,K13GD7F,[]
2486,K13GD7G,[]
2487,K13GD7H,[]
2488,K13GD7J,[]
2489,K13GD7L,[]
2490,K13GD7M,[]
2491,K13GD7O,[]
2492,K13GD7P,[]
2493,K13GD7R,[]
2494,K13GD7S,[]
2495,K13GD7U,[]
2496,K13GD7X,[]
2497,K13GD7Y,[]
2498,K13GD7Z,[]
2499,K13GD8B,[]
2500,K13GD8C,[]
2501,K13GD8D,[]
2502,K13GD8E,[]
2503,K13GD8F,[]
2504,K13GD8G,[]
2505,K13GD8J,[]
2506,K13GE1W,[]
2507,K13GF8M,[]
2508,K13GF8N,[]
2509,K13HF0S,[]
2510,K13HF6R,[]
2511,K13HF6S,[]
2512,K13HF6W,[]
2513,K13HG2G,[]
2514,K13J04D,[]
2515,K13J14X,[]
2516,K13J63U,[]
2517,K13J63V,[]
2518,K13J63W,[]
2519,K13J64C,[]
2520,K13J64F,[]
2521,K13J64K,[]
2522,K13J64L,[]
2523,K13J64O,[]
2524,K13J64P,[]
2525,K13J64Q,[]
2526,K13J64R,[]
2527,K13J64S,[]
2528,K13J64T,[]
2529,K13J64U,[]
2530,K13J64V,[]
2531,K13J64Y,[]
2532,K13J64Z,[]
2533,K13J65A,[]
2534,K13J65B,[]
2535,K13J65C,[]
2536,K13J65D,"['K13TH2F', 'K16SA6B']"
2537,K13J65E,[]
2538,K13J65F,[]
2539,K13J65G,[]
2540,K13J65H,[]
2541,K13J65M,[]
2542,K13J65Q,[]
2543,K13J65R,[]
2544,K13J65S,"['K13TM8W', 'K21D15S', 'K21L44W']"
2545,K13J65T,[]
2546,K13J65W,[]
2547,K13J67X,[]
2548,K13K18Y,[]
2549,K13L02A,[]
2550,K13L16D,[]
2551,K13L29G,[]
2552,K13L35U,[]
2553,K13L35Y,[]
2554,K13L36Z,[]
2555,K13M12B,[]
2556,K13M18R,[]
2557,K13N11S,[]
2558,K13N24M,[]
2559,K13N33T,[]
2560,K13N33U,[]
2561,K13P21S,[]
2562,K13P37Q,[]
2563,K13P44J,[]
2564,K13P74U,[]
2565,K13P74W,"['K13RA8X', 'K13U17N']"
2566,K13P74X,[]
2567,K13P76S,[]
2568,K13P84D,[]
2569,K13Q95P,[]
2570,K13Q99R,[]
2571,K13QA3X,[]
2572,K13R30N,[]
2573,K13R96A,[]
2574,K13R98B,[]
2575,K13R98D,[]
2576,K13R98F,[]
2577,K13R98G,[]
2578,K13R98P,[]
2579,K13R98Q,[]
2580,K13R98R,[]
2581,K13RA8X,[]
2582,K13RA8Y,[]
2583,K13RA8Z,[]
2584,K13RA9A,[]
2585,K13RA9B,[]
2586,K13RA9C,[]
2587,K13RA9D,[]
2588,K13RA9E,[]
2589,K13RA9F,[]
2590,K13RA9G,[]
2591,K13RA9H,[]
2592,K13RA9J,[]
2593,K13RA9K,[]
2594,K13RA9L,[]
2595,K13RA9M,[]
2596,K13RA9N,[]
2597,K13RA9O,[]
2598,K13RA9P,[]
2599,K13RA9Q,[]
2600,K13RA9R,[]
2601,K13RA9S,[]
2602,K13RA9T,[]
2603,K13RC4D,[]
2604,K13RC4E,[]
2605,K13RC4F,[]
2606,K13RC4G,[]
2607,K13RC4H,[]
2608,K13RC4J,[]
2609,K13RC4K,[]
2610,K13RC4L,[]
2611,K13RC4M,[]
2612,K13RC4N,[]
2613,K13RC4O,"['K13SA0V', 'K16R82H', 'K22L15M']"
2614,K13RC4P,[]
2615,K13RC4Q,[]
2616,K13RC4R,[]
2617,K13RC4S,[]
2618,K13RC4T,[]
2619,K13RC4U,[]
2620,K13RC4V,[]
2621,K13RC4W,[]
2622,K13RC4X,[]
2623,K13RC8T,[]
2624,K13RC8U,[]
2625,K13RC8V,[]
2626,K13RC8W,[]
2627,K13RF5Q,[]
2628,K13RF5R,[]
2629,K13RF5S,[]
2630,K13RF5T,[]
2631,K13RF5U,[]
2632,K13RF5V,[]
2633,K13RF5X,[]
2634,K13RF5Y,[]
2635,K13RF5Z,[]
2636,K13RF6A,[]
2637,K13RF6B,[]
2638,K13RF6C,[]
2639,K13RF6D,[]
2640,K13RF6E,[]
2641,K13RF6F,[]
2642,K13RF6G,[]
2643,K13RF6H,"['K15G58O', 'K15RS0U', 'K15VG9H']"
2644,K13RF6O,[]
2645,K13RF6P,[]
2646,K13RF6Q,[]
2647,K13RF6R,[]
2648,K13RF6S,[]
2649,K13RF6T,[]
2650,K13RF6U,[]
2651,K13RF6V,[]
2652,K13RF6W,[]
2653,K13RF6X,[]
2654,K13RF6Y,[]
2655,K13RF6Z,[]
2656,K13RF7A,[]
2657,K13RF7B,[]
2658,K13RF7C,[]
2659,K13RF7D,[]
2660,K13RF7E,[]
2661,K13RF7F,[]
2662,K13RF7G,[]
2663,K13RF7H,[]
2664,K13RF7L,[]
2665,K13RF7M,[]
2666,K13RF7O,[]
2667,K13RF7P,[]
2668,K13RF7Q,[]
2669,K13RF7R,"['K15G57U', 'K15VH1E']"
2670,K13RF7S,[]
2671,K13RF7T,[]
2672,K13RF7U,[]
2673,K13RF7V,[]
2674,K13RF7W,[]
2675,K13RF7X,[]
2676,K13RF7Y,[]
2677,K13RF8A,[]
2678,K13RF8B,[]
2679,K13RF8C,[]
2680,K13RF8D,[]
2681,K13RF8E,[]
2682,K13RF8F,[]
2683,K13RF8G,[]
2684,K13RF8J,[]
2685,K13RF8K,[]
2686,K13RF8L,[]
2687,K13RF8M,[]
2688,K13RF8N,[]
2689,K13RF8O,['K21D15M']
2690,K13RF8P,[]
2691,K13RF8Q,[]
2692,K13RF8T,[]
2693,K13S99E,[]
2694,K13S99V,[]
2695,K13S99Y,[]
2696,K13S99Z,['K15VH0G']
2697,K13SA0J,[]
2698,K13SA0K,[]
2699,K13SA0L,[]
2700,K13SA0M,[]
2701,K13SA0N,[]
2702,K13SA0O,[]
2703,K13SA0P,[]
2704,K13SA0Q,[]
2705,K13SA0R,[]
2706,K13SA0S,[]
2707,K13SA0T,[]
2708,K13SA0U,[]
2709,K13SA0V,[]
2710,K13SA0W,[]
2711,K13SA0X,[]
2712,K13SA0Y,[]
2713,K13SA0Z,[]
2714,K13SA1A,[]
2715,K13SA1B,[]
2716,K13SA1C,[]
2717,K13SA1D,[]
2718,K13SA1E,[]
2719,K13SA1F,[]
2720,K13SA1G,[]
2721,K13SA2G,[]
2722,K13SA2H,"['K15KH5G', 'K21L44M']"
2723,K13SA2J,[]
2724,K13SA2K,[]
2725,K13SA2L,[]
2726,K13SA2M,[]
2727,K13SA2N,[]
2728,K13SA2O,[]
2729,K13SA2P,[]
2730,K13SA2Q,[]
2731,K13SA2R,[]
2732,K13SA2S,[]
2733,K13SA2T,[]
2734,K13SA6D,[]
2735,K13SA6E,[]
2736,K13SA6F,[]
2737,K13SA6G,[]
2738,K13SA6H,[]
2739,K13SA6J,[]
2740,K13SA6K,[]
2741,K13SA6L,[]
2742,K13SA6M,[]
2743,K13SA6N,[]
2744,K13SA7O,[]
2745,K13SB1Y,[]
2746,K13SB1Z,[]
2747,K13SB2A,[]
2748,K13SB2B,[]
2749,K13SB2C,[]
2750,K13SB2D,['K13U18F']
2751,K13SB2E,[]
2752,K13SB2F,[]
2753,K13SB2G,[]
2754,K13SB2H,[]
2755,K13SB2J,[]
2756,K13SB2K,[]
2757,K13SB2L,[]
2758,K13SB2M,[]
2759,K13SB2N,[]
2760,K13SB2O,[]
2761,K13SB2P,[]
2762,K13SB2Q,[]
2763,K13SB2S,['K22L13Z']
2764,K13SB2T,[]
2765,K13SB2U,[]
2766,K13SB2V,[]
2767,K13SB2W,[]
2768,K13SB2X,[]
2769,K13SB2Y,[]
2770,K13SB2Z,[]
2771,K13SB3A,"['K15G56S', 'K15VH0V', 'K16R82H', 'K21L44L']"
2772,K13SB3B,[]
2773,K13SB3D,[]
2774,K13SB3E,[]
2775,K13SB3F,[]
2776,K13SB3G,[]
2777,K13SB3H,[]
2778,K13T56M,[]
2779,K13TE5P,[]
2780,K13TF9H,[]
2781,K13TF9M,[]
2782,K13TH1X,[]
2783,K13TH1Y,[]
2784,K13TH1Z,[]
2785,K13TH2A,[]
2786,K13TH2B,[]
2787,K13TH2C,[]
2788,K13TH2D,[]
2789,K13TH2E,[]
2790,K13TH2F,[]
2791,K13TH2G,[]
2792,K13TH2H,[]
2793,K13TH2J,[]
2794,K13TH2K,[]
2795,K13TH2L,[]
2796,K13TH2M,[]
2797,K13TI7B,[]
2798,K13TI7C,[]
2799,K13TI7D,[]
2800,K13TI7E,[]
2801,K13TI7F,[]
2802,K13TI7G,[]
2803,K13TI7H,[]
2804,K13TI7J,[]
2805,K13TI7K,[]
2806,K13TI7L,[]
2807,K13TI7M,[]
2808,K13TI7N,[]
2809,K13TI7O,[]
2810,K13TI7P,[]
2811,K13TI7Q,[]
2812,K13TI7R,[]
2813,K13TI7S,[]
2814,K13TI7T,[]
2815,K13TI7U,[]
2816,K13TI7V,[]
2817,K13TI7W,[]
2818,K13TI7X,[]
2819,K13TI7Y,[]
2820,K13TI7Z,['K16F59J']
2821,K13TI8B,[]
2822,K13TI8C,[]
2823,K13TI8D,[]
2824,K13TI8E,[]
2825,K13TI8F,[]
2826,K13TM7K,[]
2827,K13TM7L,[]
2828,K13TM7M,[]
2829,K13TM7N,[]
2830,K13TM7P,[]
2831,K13TM7Q,[]
2832,K13TM7R,['K18G15T']
2833,K13TM7S,[]
2834,K13TM7T,[]
2835,K13TM7U,[]
2836,K13TM7V,[]
2837,K13TM7X,[]
2838,K13TM7Y,[]
2839,K13TM7Z,[]
2840,K13TM8A,[]
2841,K13TM8B,[]
2842,K13TM8C,[]
2843,K13TM8D,[]
2844,K13TM8E,[]
2845,K13TM8F,[]
2846,K13TM8G,[]
2847,K13TM8H,[]
2848,K13TM8J,[]
2849,K13TM8K,[]
2850,K13TM8L,[]
2851,K13TM8M,[]
2852,K13TM8N,[]
2853,K13TM8O,[]
2854,K13TM8P,[]
2855,K13TM8Q,[]
2856,K13TM8S,[]
2857,K13TM8T,[]
2858,K13TM8U,[]
2859,K13TM8V,[]
2860,K13TM8W,[]
2861,K13TM8X,[]
2862,K13TM8Y,[]
2863,K13TM8Z,[]
2864,K13TM9A,[]
2865,K13TM9B,[]
2866,K13TM9C,[]
2867,K13TM9D,[]
2868,K13TM9E,[]
2869,K13TM9F,[]
2870,K13TM9G,[]
2871,K13TM9H,[]
2872,K13TM9J,[]
2873,K13TM9M,[]
2874,K13TM9N,[]
2875,K13TM9O,[]
2876,K13TM9P,[]
2877,K13TM9Q,[]
2878,K13TM9S,[]
2879,K13U15E,[]
2880,K13U15H,[]
2881,K13U15J,[]
2882,K13U15K,[]
2883,K13U15N,[]
2884,K13U15O,[]
2885,K13U15P,[]
2886,K13U15Q,[]
2887,K13U15R,[]
2888,K13U15S,['K15RS1M']
2889,K13U16W,[]
2890,K13U16X,[]
2891,K13U16Y,[]
2892,K13U16Z,[]
2893,K13U17A,[]
2894,K13U17B,[]
2895,K13U17C,[]
2896,K13U17D,[]
2897,K13U17E,[]
2898,K13U17F,[]
2899,K13U17G,[]
2900,K13U17H,[]
2901,K13U17J,[]
2902,K13U17K,[]
2903,K13U17L,[]
2904,K13U17M,[]
2905,K13U17N,[]
2906,K13U17O,[]
2907,K13U17P,[]
2908,K13U17Q,[]
2909,K13U17R,[]
2910,K13U17S,[]
2911,K13U17T,[]
2912,K13U17U,[]
2913,K13U17V,[]
2914,K13U17W,[]
2915,K13U17X,[]
2916,K13U17Y,[]
2917,K13U17Z,[]
2918,K13U18A,[]
2919,K13U18B,[]
2920,K13U18C,[]
2921,K13U18D,[]
2922,K13U18E,[]
2923,K13U18F,[]
2924,K13U18G,[]
2925,K13U18W,[]
2926,K13U18X,[]
2927,K13U22R,[]
2928,K13U22T,[]
2929,K13U31E,[]
2930,K13U31F,[]
2931,K13U44P,[]
2932,K13U49L,[]
2933,K13V24D,[]
2934,K13V24F,[]
2935,K13V25Q,[]
2936,K13V30X,[]
2937,K13V31Z,[]
2938,K13V46K,[]
2939,K13V46L,[]
2940,K13V46M,[]
2941,K13V46N,[]
2942,K13V46O,[]
2943,K13V46P,[]
2944,K13V46Q,[]
2945,K13V46R,[]
2946,K13V46S,[]
2947,K13V70Z,[]
2948,K13V71O,[]
2949,K13V71Q,[]
2950,K13V71R,[]
2951,K13V71S,[]
2952,K13V71T,[]
2953,K13V71U,[]
2954,K13V71V,[]
2955,K13V71W,[]
2956,K13V71X,[]
2957,K13V71Y,[]
2958,K13V71Z,[]
2959,K13V72A,[]
2960,K13V72B,[]
2961,K13V72C,[]
2962,K13V72D,[]
2963,K13V72E,[]
2964,K13V72F,['K20K53S']
2965,K13V72H,[]
2966,K13W64K,[]
2967,K13WB4G,[]
2968,K13WC3H,[]
2969,K13WC3J,[]
2970,K13WC3K,[]
2971,K13WD9A,[]
2972,K13WD9B,[]
2973,K13WD9C,[]
2974,K13X33U,[]
2975,K13X40L,[]
2976,K13X40M,[]
2977,K13Y48F,[]
2978,K13Y48G,[]
2979,K13YC2K,[]
2980,K13YG9D,[]
2981,K14A55M,[]
2982,K14B70D,[]
2983,K14C14W,[]
2984,K14D09W,[]
2985,K14DB2T,[]
2986,K14E65L,[]
2987,K14E76L,[]
2988,K14EB9K,[]
2989,K14EO7Y,[]
2990,K14F43P,[]
2991,K14F59P,[]
2992,K14F61U,[]
2993,K14F61X,[]
2994,K14F62B,[]
2995,K14F62C,[]
2996,K14F69C,[]
2997,K14F69O,[]
2998,K14F70D,[]
2999,K14F70L,[]
3000,K14F71V,[]
3001,K14F71X,[]
3002,K14F71Y,[]
3003,K14F71Z,[]
3004,K14F72A,[]
3005,K14F72B,[]
3006,K14F72C,[]
3007,K14F72E,[]
3008,K14F72F,[]
3009,K14F72G,[]
3010,K14F72H,[]
3011,K14F72J,[]
3012,K14F72K,[]
3013,K14F72L,[]
3014,K14F72M,[]
3015,K14G44Z,[]
3016,K14G53R,[]
3017,K14G53T,[]
3018,K14G54E,[]
3019,K14G54J,[]
3020,K14G54K,[]
3021,K14G65K,[]
3022,K14H71R,[]
3023,K14HH6V,[]
3024,K14HJ5Y,[]
3025,K14HK0D,[]
3026,K14HK8P,[]
3027,K14HK8R,[]
3028,K14HK8V,[]
3029,K14HK9X,[]
3030,K14HL1O,[]
3031,K14J57J,[]
3032,K14J80E,[]
3033,K14J80O,[]
3034,K14J80T,[]
3035,K14J80U,[]
3036,K14J80V,[]
3037,K14J92C,[]
3038,K14J92Q,[]
3039,K14JD7P,[]
3040,K14K02G,[]
3041,K14K03V,[]
3042,K14K84L,[]
3043,K14KA1S,[]
3044,K14KA1T,[]
3045,K14KA1X,[]
3046,K14KA2A,[]
3047,K14KA2B,[]
3048,K14KA2C,[]
3049,K14KA2D,[]
3050,K14KB3E,[]
3051,K14KC2M,[]
3052,K14L14R,[]
3053,K14L28O,[]
3054,K14L28Q,[]
3055,K14L28T,[]
3056,K14L28U,[]
3057,K14M55H,[]
3058,K14M69T,[]
3059,K14M69X,[]
3060,K14M70E,[]
3061,K14M70F,[]
3062,K14M70G,[]
3063,K14M70H,[]
3064,K14M71A,[]
3065,K14MA3B,[]
3066,K14N65V,[]
3067,K14N65X,[]
3068,K14N65Y,[]
3069,K14N66A,[]
3070,K14N66B,[]
3071,K14N66C,[]
3072,K14N81D,[]
3073,K14N86T,[]
3074,K14O57N,[]
3075,K14OX1F,[]
3076,K14Od3S,[]
3077,K14Od3V,[]
3078,K14Od3W,[]
3079,K14Od3Y,[]
3080,K14Od4C,[]
3081,K14Od4D,[]
3082,K14Od4F,[]
3083,K14Od4J,[]
3084,K14Od4Q,[]
3085,K14P07A,[]
3086,K14P69P,[]
3087,K14P70N,[]
3088,K14P70Q,[]
3089,K14P70S,[]
3090,K14P82M,[]
3091,K14P88E,[]
3092,K14QB1Z,[]
3093,K14QO3W,[]
3094,K14QP0U,[]
3095,K14QS8M,[]
3096,K14Qh3F,[]
3097,K14Qi1M,[]
3098,K14Qi1O,['K15VG5L']
3099,K14Qi1P,[]
3100,K14Qi1U,[]
3101,K14Qi1W,[]
3102,K14Qi1Y,[]
3103,K14Qi2C,[]
3104,K14Qi2E,[]
3105,K14Qi2F,[]
3106,K14Qi2G,[]
3107,K14Qn5T,[]
3108,K14Qn5U,[]
3109,K14Qn5V,[]
3110,K14Qn5W,[]
3111,K14Qp0S,[]
3112,K14Qp0T,[]
3113,K14Qp0U,[]
3114,K14Qp0V,[]
3115,K14Qp0W,[]
3116,K14Qp0X,[]
3117,K14Qp0Y,[]
3118,K14Qp0Z,[]
3119,K14Qq7B,[]
3120,K14Qu2F,[]
3121,K14Qu2G,[]
3122,K14Qu2H,[]
3123,K14Qu2J,[]
3124,K14Qu2K,[]
3125,K14Qu2L,[]
3126,K14Qu2M,[]
3127,K14Qu2P,[]
3128,K14Qu2Q,[]
3129,K14Qu2R,[]
3130,K14Qu2S,[]
3131,K14Qu2T,[]
3132,K14Qu2U,[]
3133,K14Qu2V,[]
3134,K14Qu2W,[]
3135,K14Qu2X,[]
3136,K14Qu2Y,[]
3137,K14Qu2Z,[]
3138,K14Qu3H,[]
3139,K14R12E,[]
3140,K14R63S,[]
3141,K14R70H,[]
3142,K14R70J,[]
3143,K14R74L,[]
3144,K14R74M,[]
3145,K14R74N,[]
3146,K14R74O,[]
3147,K14R86K,[]
3148,K14R86L,[]
3149,K14R86M,[]
3150,K14R86O,[]
3151,K14R86P,[]
3152,K14R86Q,[]
3153,K14R86R,"['K15RS0C', 'K15VH1T']"
3154,K14R86S,[]
3155,K14R86T,[]
3156,K14R86U,[]
3157,K14R86V,[]
3158,K14R86W,[]
3159,K14R86X,[]
3160,K14R86Y,[]
3161,K14SU3S,[]
3162,K14SU4G,[]
3163,K14SX9Q,[]
3164,K14SY8Z,[]
3165,K14SY9B,[]
3166,K14SY9R,[]
3167,K14SY9S,[]
3168,K14SY9T,[]
3169,K14SY9U,[]
3170,K14SY9V,[]
3171,K14SY9W,[]
3172,K14SY9X,[]
3173,K14SY9Y,[]
3174,K14SY9Z,[]
3175,K14SZ0B,[]
3176,K14SZ0C,[]
3177,K14SZ0D,[]
3178,K14SZ0E,[]
3179,K14SZ0F,[]
3180,K14SZ0G,[]
3181,K14SZ0H,[]
3182,K14SZ0J,[]
3183,K14SZ0K,[]
3184,K14SZ0L,[]
3185,K14SZ0M,[]
3186,K14SZ0N,[]
3187,K14SZ0O,[]
3188,K14SZ0Q,[]
3189,K14SZ0R,[]
3190,K14Sa3M,[]
3191,K14Sa3N,[]
3192,K14Sa3O,[]
3193,K14Sa3P,[]
3194,K14Sa5A,[]
3195,K14Sa9Q,[]
3196,K14Sb3M,[]
3197,K14Sb3N,[]
3198,K14Sb3O,[]
3199,K14Sb3P,[]
3200,K14Sb3Q,[]
3201,K14Sb3R,[]
3202,K14Sb3S,[]
3203,K14Sb3T,[]
3204,K14Sb3U,[]
3205,K14Sb3V,[]
3206,K14Sb3W,[]
3207,K14Sb3X,[]
3208,K14Sb3Y,[]
3209,K14Sb3Z,[]
3210,K14Sb4A,[]
3211,K14Sb4B,[]
3212,K14Sb4C,[]
3213,K14Sb8F,[]
3214,K14Sb8G,[]
3215,K14Sb8H,[]
3216,K14Sb8J,[]
3217,K14Se3D,[]
3218,K14Se3L,[]
3219,K14Se3N,[]
3220,K14Se3Q,[]
3221,K14Se3R,[]
3222,K14Se3S,[]
3223,K14Se3T,[]
3224,K14Se3U,[]
3225,K14Se3V,[]
3226,K14Se3W,[]
3227,K14Se3X,[]
3228,K14Se3Y,[]
3229,K14Se3Z,[]
3230,K14Se4A,[]
3231,K14Se4B,[]
3232,K14Se4C,[]
3233,K14Se4D,[]
3234,K14Se4E,[]
3235,K14Se4F,[]
3236,K14Se4G,[]
3237,K14Se4H,[]
3238,K14Se4J,[]
3239,K14Se4K,[]
3240,K14Se4L,[]
3241,K14Se4R,[]
3242,K14T34K,[]
3243,K14T85T,[]
3244,K14T85U,[]
3245,K14T85X,[]
3246,K14T86B,[]
3247,K14T86E,[]
3248,K14T86F,[]
3249,K14T95L,[]
3250,K14T95M,[]
3251,K14TA0S,[]
3252,K14TA0T,[]
3253,K14TB4Y,[]
3254,K14TB5A,[]
3255,K14TB5C,[]
3256,K14TB5D,[]
3257,K14TB5G,[]
3258,K14TB5H,[]
3259,K14TB5J,['K20K55V']
3260,K14TB5K,[]
3261,K14TB5L,[]
3262,K14TB5O,[]
3263,K14TB5P,[]
3264,K14TB5Q,[]
3265,K14TB5R,[]
3266,K14TB5S,[]
3267,K14TB5T,[]
3268,K14TB5U,[]
3269,K14TB5V,[]
3270,K14TB5W,[]
3271,K14TB5X,[]
3272,K14TB5Y,[]
3273,K14TB5Z,[]
3274,K14TB6A,[]
3275,K14TB6B,[]
3276,K14TB6D,[]
3277,K14TB6F,[]
3278,K14U06G,[]
3279,K14U70K,[]
3280,K14U77F,[]
3281,K14UB4V,[]
3282,K14UJ2H,[]
3283,K14UM4F,[]
3284,K14UM4O,[]
3285,K14UM4Y,[]
3286,K14UM4Z,[]
3287,K14UM5A,[]
3288,K14UM5B,[]
3289,K14UM5C,[]
3290,K14UM5H,[]
3291,K14UM5J,[]
3292,K14UM5N,[]
3293,K14UM8B,[]
3294,K14UM8C,[]
3295,K14UM8D,[]
3296,K14UM8E,[]
3297,K14UM8F,[]
3298,K14UM8G,[]
3299,K14UM8H,[]
3300,K14UM8J,[]
3301,K14UM8K,[]
3302,K14UM8L,[]
3303,K14UM8M,[]
3304,K14UM8N,[]
3305,K14UM8O,[]
3306,K14UM8P,[]
3307,K14UM8Q,[]
3308,K14UM8R,[]
3309,K14UM8S,[]
3310,K14UM8T,[]
3311,K14UM8U,[]
3312,K14UM8V,[]
3313,K14UM8W,[]
3314,K14UM8X,[]
3315,K14UM8Y,[]
3316,K14UM8Z,[]
3317,K14UM9A,[]
3318,K14UM9B,[]
3319,K14UM9C,[]
3320,K14UM9D,[]
3321,K14UM9E,[]
3322,K14UM9F,[]
3323,K14UM9G,[]
3324,K14UM9H,[]
3325,K14UM9J,[]
3326,K14UM9K,[]
3327,K14UM9L,[]
3328,K14UM9M,[]
3329,K14UM9N,[]
3330,K14UM9O,[]
3331,K14UM9P,[]
3332,K14UM9Q,[]
3333,K14UM9R,[]
3334,K14UM9S,[]
3335,K14UM9T,[]
3336,K14UM9U,[]
3337,K14UM9V,[]
3338,K14UM9W,[]
3339,K14UM9Y,[]
3340,K14UM9Z,[]
3341,K14UN0A,[]
3342,K14UN0B,[]
3343,K14UN0C,[]
3344,K14UN1K,[]
3345,K14UN1O,[]
3346,K14UN3M,[]
3347,K14UO0U,[]
3348,K14UO1C,[]
3349,K14UO1D,[]
3350,K14UO1E,[]
3351,K14UO1F,[]
3352,K14UP0N,[]
3353,K14UP0O,[]
3354,K14UP0P,[]
3355,K14UP0Q,[]
3356,K14UR1M,[]
3357,K14UR6W,[]
3358,K14UR6X,[]
3359,K14UR6Y,[]
3360,K14UR6Z,[]
3361,K14UR7A,[]
3362,K14UR7B,[]
3363,K14UR7F,[]
3364,K14UR7G,"['K15MF0L', 'K15VG8X']"
3365,K14UR7H,[]
3366,K14UR7J,[]
3367,K14UR7K,[]
3368,K14UR7L,[]
3369,K14UR7M,[]
3370,K14UR7N,[]
3371,K14UR7O,[]
3372,K14UR7P,[]
3373,K14UR7Q,[]
3374,K14UR7R,[]
3375,K14UR7S,[]
3376,K14UR7T,[]
3377,K14UR7U,[]
3378,K14UR7V,[]
3379,K14UR7W,[]
3380,K14UR7X,[]
3381,K14UR7Y,['K22L14V']
3382,K14UR8E,[]
3383,K14V37T,[]
3384,K14V37W,[]
3385,K14V39R,['K15Ta1P']
3386,K14V39V,[]
3387,K14V41B,[]
3388,K14V41C,[]
3389,K14V43K,[]
3390,K14V43L,[]
3391,K14V43M,[]
3392,K14V43N,[]
3393,K14V43O,[]
3394,K14V43P,[]
3395,K14Wa5Q,[]
3396,K14Wo8W,[]
3397,K14Wo9C,[]
3398,K14Wo9M,[]
3399,K14Wo9P,[]
3400,K14Wo9S,[]
3401,K14Wo9W,[]
3402,K14Wp0B,[]
3403,K14Wp0E,[]
3404,K14Wp0K,[]
3405,K14Wp0M,[]
3406,K14Wp0N,[]
3407,K14Wp0O,[]
3408,K14Wp0R,[]
3409,K14Wp7L,[]
3410,K14Wp7M,[]
3411,K14Wr5V,[]
3412,K14Wr5Y,[]
3413,K14Wr6B,[]
3414,K14Wr6C,[]
3415,K14Wr6D,[]
3416,K14Wt5Y,[]
3417,K14Wt5Z,[]
3418,K14Wt6A,[]
3419,K14Wt6B,[]
3420,K14Wt6C,[]
3421,K14Wt6D,[]
3422,K14Wt6E,[]
3423,K14Wv4X,[]
3424,K14Wy1X,[]
3425,K14Wy1Y,[]
3426,K14Wy1Z,[]
3427,K14Wy2A,[]
3428,K14Wy2B,[]
3429,K14Wy2C,[]
3430,K14Wy2D,[]
3431,K14Wy2E,[]
3432,K14Wy2F,[]
3433,K14Wy2G,[]
3434,K14Wy2H,[]
3435,K14Wy2J,[]
3436,K14Wy2L,[]
3437,K14Wy2M,[]
3438,K14Wz6L,[]
3439,K14X03S,[]
3440,K14X40W,[]
3441,K14X40Y,[]
3442,K14X40Z,[]
3443,K14X47W,[]
3444,K14X47X,[]
3445,K14X47Y,[]
3446,K14X47Z,[]
3447,K14X48A,[]
3448,K14X48B,[]
3449,K14X48C,[]
3450,K14X54R,[]
3451,K14X54S,[]
3452,K14X54T,[]
3453,K14X54U,[]
3454,K14Y46O,[]
3455,K14Y49X,[]
3456,K14Y49Y,[]
3457,K14Y50A,[]
3458,K14Y50D,[]
3459,K14Y50L,[]
3460,K14Y72R,[]
3461,K14Y72S,[]
3462,K14Y72T,[]
3463,K14Y72U,[]
3464,K14Y91W,[]
3465,K14Y91X,[]
3466,K14Y91Z,[]
3467,K14Y92A,[]
3468,K14Y92B,[]
3469,K14Y92C,[]
3470,K14Y92D,[]
3471,K14Y92E,[]
3472,K14Y92F,[]
3473,K14Y92G,[]
3474,K14Y92H,[]
3475,K14Y92J,[]
3476,K14Y92K,[]
3477,K14Y99Q,[]
3478,K15A25D,[]
3479,K15A44O,[]
3480,K15AA7M,[]
3481,K15AS1H,[]
3482,K15AS1J,[]
3483,K15AS1L,[]
3484,K15AS4R,[]
3485,K15AT3Q,[]
3486,K15AT3R,[]
3487,K15AT3S,[]
3488,K15AT8D,[]
3489,K15AU4N,[]
3490,K15BV1H,[]
3491,K15Bc4E,[]
3492,K15Bm0B,[]
3493,K15Bp4X,[]
3494,K15Bp7Z,[]
3495,K15Bp8H,[]
3496,K15Bp8K,[]
3497,K15Bp8L,[]
3498,K15Bp8P,[]
3499,K15Bp8Q,[]
3500,K15Bp8S,[]
3501,K15Bp8Y,[]
3502,K15Bp9A,[]
3503,K15Bp9C,[]
3504,K15Bp9P,[]
3505,K15Bq4W,[]
3506,K15Bq6H,[]
3507,K15Bu8E,[]
3508,K15Bu8G,[]
3509,K15By3X,[]
3510,K15DJ8B,[]
3511,K15DM5A,[]
3512,K15DM5B,[]
3513,K15DM5C,[]
3514,K15DO8O,[]
3515,K15DO8P,[]
3516,K15DO8Q,[]
3517,K15DO8R,[]
3518,K15DO8S,[]
3519,K15DO8T,[]
3520,K15DO8U,[]
3521,K15DO8V,[]
3522,K15DO8W,[]
3523,K15DO8X,[]
3524,K15DO8Y,[]
3525,K15DO8Z,[]
3526,K15DO9A,[]
3527,K15DO9B,[]
3528,K15DO9C,[]
3529,K15DO9D,[]
3530,K15DO9F,[]
3531,K15DO9G,[]
3532,K15DO9H,[]
3533,K15DO9K,[]
3534,K15DO9L,[]
3535,K15DO9M,[]
3536,K15DO9N,[]
3537,K15DO9O,[]
3538,K15DO9P,[]
3539,K15DO9Q,[]
3540,K15DO9R,[]
3541,K15DO9S,[]
3542,K15DO9T,[]
3543,K15DO9U,[]
3544,K15DO9V,[]
3545,K15DO9W,[]
3546,K15DO9X,[]
3547,K15DO9Y,[]
3548,K15DO9Z,[]
3549,K15DP0A,[]
3550,K15DP0B,[]
3551,K15DP0Z,[]
3552,K15F37K,[]
3553,K15FY5J,[]
3554,K15FY5K,[]
3555,K15FY5R,[]
3556,K15FY5S,[]
3557,K15Fd2W,[]
3558,K15Fe3U,[]
3559,K15Fe3V,[]
3560,K15Fe3W,[]
3561,K15Ff5G,[]
3562,K15Fh1Z,[]
3563,K15Fh2A,[]
3564,K15G46B,[]
3565,K15G50P,[]
3566,K15G50Q,[]
3567,K15G50R,[]
3568,K15G50S,[]
3569,K15G50T,[]
3570,K15G51Y,[]
3571,K15G53Y,[]
3572,K15G54A,[]
3573,K15G54B,[]
3574,K15G54F,[]
3575,K15G54G,[]
3576,K15G54H,[]
3577,K15G54J,[]
3578,K15G54K,[]
3579,K15G54L,[]
3580,K15G54M,[]
3581,K15G54N,[]
3582,K15G54O,[]
3583,K15G54P,[]
3584,K15G54Q,[]
3585,K15G54R,[]
3586,K15G54S,[]
3587,K15G54T,[]
3588,K15G54U,[]
3589,K15G54V,[]
3590,K15G54W,[]
3591,K15G54X,[]
3592,K15G54Y,[]
3593,K15G54Z,[]
3594,K15G55A,[]
3595,K15G55B,[]
3596,K15G55C,[]
3597,K15G55D,[]
3598,K15G55E,[]
3599,K15G55F,[]
3600,K15G55G,[]
3601,K15G55H,[]
3602,K15G55J,[]
3603,K15G55K,[]
3604,K15G55L,[]
3605,K15G55M,[]
3606,K15G55N,[]
3607,K15G55O,[]
3608,K15G55P,[]
3609,K15G55Q,[]
3610,K15G55R,[]
3611,K15G55S,[]
3612,K15G55T,[]
3613,K15G55U,[]
3614,K15G55V,[]
3615,K15G55W,[]
3616,K15G55X,[]
3617,K15G55Y,[]
3618,K15G55Z,[]
3619,K15G56A,[]
3620,K15G56B,[]
3621,K15G56C,[]
3622,K15G56D,[]
3623,K15G56E,[]
3624,K15G56F,['K15RR9O']
3625,K15G56G,[]
3626,K15G56H,[]
3627,K15G56J,[]
3628,K15G56K,[]
3629,K15G56L,[]
3630,K15G56M,[]
3631,K15G56N,[]
3632,K15G56O,[]
3633,K15G56P,[]
3634,K15G56Q,[]
3635,K15G56R,[]
3636,K15G56S,[]
3637,K15G56T,[]
3638,K15G56U,[]
3639,K15G56V,[]
3640,K15G56W,[]
3641,K15G56X,[]
3642,K15G56Y,[]
3643,K15G56Z,[]
3644,K15G57A,[]
3645,K15G57B,[]
3646,K15G57C,[]
3647,K15G57D,[]
3648,K15G57E,[]
3649,K15G57F,[]
3650,K15G57G,[]
3651,K15G57H,[]
3652,K15G57J,[]
3653,K15G57K,[]
3654,K15G57L,[]
3655,K15G57M,[]
3656,K15G57N,[]
3657,K15G57O,[]
3658,K15G57P,[]
3659,K15G57Q,[]
3660,K15G57R,[]
3661,K15G57S,[]
3662,K15G57T,[]
3663,K15G57U,[]
3664,K15G57V,[]
3665,K15G57W,[]
3666,K15G57X,[]
3667,K15G57Y,[]
3668,K15G57Z,[]
3669,K15G58A,[]
3670,K15G58B,[]
3671,K15G58C,[]
3672,K15G58D,[]
3673,K15G58E,[]
3674,K15G58F,[]
3675,K15G58G,[]
3676,K15G58H,[]
3677,K15G58J,[]
3678,K15G58K,[]
3679,K15G58L,[]
3680,K15G58M,[]
3681,K15G58N,[]
3682,K15G58O,[]
3683,K15G58P,[]
3684,K15G58Q,[]
3685,K15G58R,[]
3686,K15G58S,[]
3687,K15G58T,[]
3688,K15G58U,[]
3689,K15G58V,[]
3690,K15G58W,[]
3691,K15G58X,[]
3692,K15G58Y,[]
3693,K15G58Z,[]
3694,K15G59A,[]
3695,K15G59B,[]
3696,K15G59C,[]
3697,K15G59D,[]
3698,K15G59E,['K20K55U']
3699,K15G59F,[]
3700,K15G59G,[]
3701,K15G59H,[]
3702,K15G59J,[]
3703,K15G59K,[]
3704,K15G65R,[]
3705,K15H10X,[]
3706,K15HH6O,[]
3707,K15HJ5F,[]
3708,K15HJ6Z,[]
3709,K15HJ7A,[]
3710,K15J01H,[]
3711,K15K87C,[]
3712,K15K87J,[]
3713,K15KF3J,[]
3714,K15KG2H,[]
3715,K15KG3C,[]
3716,K15KG3D,[]
3717,K15KG3G,[]
3718,K15KG3H,[]
3719,K15KG7L,[]
3720,K15KG7M,[]
3721,K15KG7V,[]
3722,K15KH2E,[]
3723,K15KH2F,[]
3724,K15KH2G,[]
3725,K15KH2H,[]
3726,K15KH2J,[]
3727,K15KH3C,[]
3728,K15KH3D,[]
3729,K15KH3E,[]
3730,K15KH3F,[]
3731,K15KH3G,[]
3732,K15KH3H,[]
3733,K15KH3J,[]
3734,K15KH3K,[]
3735,K15KH3L,[]
3736,K15KH3M,[]
3737,K15KH3N,[]
3738,K15KH3O,[]
3739,K15KH3P,[]
3740,K15KH3Q,[]
3741,K15KH3R,[]
3742,K15KH3S,[]
3743,K15KH3T,[]
3744,K15KH3U,[]
3745,K15KH3V,[]
3746,K15KH3W,[]
3747,K15KH3X,[]
3748,K15KH3Y,[]
3749,K15KH3Z,[]
3750,K15KH4A,[]
3751,K15KH4B,[]
3752,K15KH4C,[]
3753,K15KH4D,[]
3754,K15KH4E,[]
3755,K15KH4F,[]
3756,K15KH4G,[]
3757,K15KH4H,[]
3758,K15KH4J,[]
3759,K15KH4K,[]
3760,K15KH4L,[]
3761,K15KH4M,[]
3762,K15KH4N,[]
3763,K15KH4O,[]
3764,K15KH4P,[]
3765,K15KH4Q,[]
3766,K15KH4R,[]
3767,K15KH4S,['K15RS0O']
3768,K15KH4T,[]
3769,K15KH4U,[]
3770,K15KH4V,[]
3771,K15KH4W,[]
3772,K15KH4X,[]
3773,K15KH4Y,[]
3774,K15KH4Z,[]
3775,K15KH5A,[]
3776,K15KH5B,[]
3777,K15KH5C,[]
3778,K15KH5D,[]
3779,K15KH5E,[]
3780,K15KH5F,[]
3781,K15KH5G,[]
3782,K15KH5H,[]
3783,K15KH5J,[]
3784,K15KH5K,[]
3785,K15KH5L,[]
3786,K15KH5M,[]
3787,K15KH5N,[]
3788,K15KH5O,[]
3789,K15KH5P,[]
3790,K15KH5Q,[]
3791,K15KH5R,[]
3792,K15KH5S,[]
3793,K15KH5T,[]
3794,K15KH5U,[]
3795,K15KH5V,[]
3796,K15KH5W,[]
3797,K15KH5X,[]
3798,K15KH5Y,['K18G15T']
3799,K15KH5Z,[]
3800,K15KH6A,[]
3801,K15KH6B,[]
3802,K15KH6C,[]
3803,K15KH6D,[]
3804,K15KH8G,[]
3805,K15KH8K,[]
3806,K15KH8U,[]
3807,K15KI6U,[]
3808,K15KJ0V,[]
3809,K15KJ9K,[]
3810,K15KJ9L,[]
3811,K15KJ9M,[]
3812,K15KJ9N,[]
3813,K15Ka0O,[]
3814,K15M90Y,[]
3815,K15MF0L,[]
3816,K15MK4Q,[]
3817,K15PB9G,[]
3818,K15PV1J,[]
3819,K15PV2D,[]
3820,K15PV2F,[]
3821,K15PV2K,[]
3822,K15PV2L,[]
3823,K15PV5Z,[]
3824,K15PX0Y,[]
3825,K15PX0Z,[]
3826,K15Q11T,[]
3827,K15Q14L,[]
3828,K15Q23W,[]
3829,K15Q33V,[]
3830,K15Q33W,[]
3831,K15Q33X,[]
3832,K15Q33Y,[]
3833,K15Q33Z,[]
3834,K15Q34A,[]
3835,K15Q34B,[]
3836,K15Q34C,[]
3837,K15Q34L,[]
3838,K15RO5K,[]
3839,K15RO5S,[]
3840,K15RO5T,[]
3841,K15RO5U,[]
3842,K15RO5V,[]
3843,K15RO5W,[]
3844,K15RO5X,[]
3845,K15RO5Y,[]
3846,K15RP8K,[]
3847,K15RP8L,[]
3848,K15RR7C,[]
3849,K15RR7D,[]
3850,K15RR7E,[]
3851,K15RR7F,[]
3852,K15RR7H,[]
3853,K15RR7J,[]
3854,K15RR7K,[]
3855,K15RR7L,[]
3856,K15RR7R,[]
3857,K15RR7S,[]
3858,K15RR7T,[]
3859,K15RR7U,[]
3860,K15RR7V,[]
3861,K15RR7W,['K15VG5S']
3862,K15RR7X,[]
3863,K15RR7Y,[]
3864,K15RR7Z,[]
3865,K15RR8A,[]
3866,K15RR8B,[]
3867,K15RR8C,[]
3868,K15RR8D,[]
3869,K15RR8E,[]
3870,K15RR8F,[]
3871,K15RR8G,[]
3872,K15RR8H,[]
3873,K15RR8J,[]
3874,K15RR8K,[]
3875,K15RR8L,[]
3876,K15RR8M,[]
3877,K15RR8O,[]
3878,K15RR8P,[]
3879,K15RR8Q,[]
3880,K15RR8R,[]
3881,K15RR8S,[]
3882,K15RR8T,[]
3883,K15RR8U,[]
3884,K15RR8V,[]
3885,K15RR8W,[]
3886,K15RR8X,"['K15VH1H', 'K20K53U']"
3887,K15RR8Y,[]
3888,K15RR8Z,[]
3889,K15RR9A,[]
3890,K15RR9B,[]
3891,K15RR9C,[]
3892,K15RR9D,[]
3893,K15RR9E,[]
3894,K15RR9F,[]
3895,K15RR9G,[]
3896,K15RR9H,[]
3897,K15RR9J,[]
3898,K15RR9L,[]
3899,K15RR9M,[]
3900,K15RR9N,[]
3901,K15RR9O,[]
3902,K15RR9P,[]
3903,K15RR9Q,[]
3904,K15RR9R,[]
3905,K15RR9S,[]
3906,K15RR9T,[]
3907,K15RR9U,[]
3908,K15RR9V,[]
3909,K15RR9W,[]
3910,K15RR9X,[]
3911,K15RR9Y,[]
3912,K15RR9Z,[]
3913,K15RS0A,[]
3914,K15RS0B,[]
3915,K15RS0C,[]
3916,K15RS0D,[]
3917,K15RS0E,[]
3918,K15RS0F,[]
3919,K15RS0G,[]
3920,K15RS0H,[]
3921,K15RS0J,[]
3922,K15RS0K,[]
3923,K15RS0L,[]
3924,K15RS0M,[]
3925,K15RS0N,[]
3926,K15RS0O,[]
3927,K15RS0P,[]
3928,K15RS0Q,[]
3929,K15RS0R,[]
3930,K15RS0S,[]
3931,K15RS0T,[]
3932,K15RS0U,[]
3933,K15RS0V,[]
3934,K15RS0W,[]
3935,K15RS0X,[]
3936,K15RS0Y,[]
3937,K15RS0Z,[]
3938,K15RS1A,[]
3939,K15RS1B,[]
3940,K15RS1C,[]
3941,K15RS1D,[]
3942,K15RS1E,[]
3943,K15RS1F,[]
3944,K15RS1G,[]
3945,K15RS1H,[]
3946,K15RS1J,[]
3947,K15RS1K,[]
3948,K15RS1L,[]
3949,K15RS1M,[]
3950,K15RS1N,[]
3951,K15RS1O,[]
3952,K15RS1P,[]
3953,K15RS1Q,[]
3954,K15RS1R,[]
3955,K15RS1S,[]
3956,K15RU1F,[]
3957,K15RU1G,[]
3958,K15RX3A,[]
3959,K15RX4V,[]
3960,K15RY5X,[]
3961,K15RY5Y,[]
3962,K15S20P,[]
3963,K15S20V,[]
3964,K15S20W,[]
3965,K15S21O,[]
3966,K15S21P,[]
3967,K15S49Z,[]
3968,K15T10P,[]
3969,K15TH8N,[]
3970,K15TZ0S,[]
3971,K15Ta0Y,[]
3972,K15Ta1A,[]
3973,K15Ta1C,[]
3974,K15Ta1J,[]
3975,K15Ta1L,[]
3976,K15Ta1P,[]
3977,K15Ta1R,[]
3978,K15Ta1V,[]
3979,K15Ta1W,[]
3980,K15Ta2F,[]
3981,K15Ta2G,[]
3982,K15Ta2P,[]
3983,K15Ta2R,[]
3984,K15Ta3G,[]
3985,K15Ta3J,[]
3986,K15Ta3K,[]
3987,K15Ta3S,[]
3988,K15Ta3X,[]
3989,K15Ta7G,[]
3990,K15Ta7H,[]
3991,K15Ta7J,[]
3992,K15Te8Q,[]
3993,K15Tj4P,[]
3994,K15Tj4Q,[]
3995,K15U67H,[]
3996,K15U84K,[]
3997,K15U87H,[]
3998,K15UA5N,[]
3999,K15UA5O,[]
4000,K15V01V,[]
4001,K15VA5H,[]
4002,K15VF2T,[]
4003,K15VF7D,[]
4004,K15VF7G,[]
4005,K15VG4A,[]
4006,K15VG4B,[]
4007,K15VG4C,[]
4008,K15VG4D,[]
4009,K15VG4E,[]
4010,K15VG4F,[]
4011,K15VG4J,[]
4012,K15VG4K,[]
4013,K15VG4L,[]
4014,K15VG4M,[]
4015,K15VG4N,[]
4016,K15VG4O,[]
4017,K15VG4P,[]
4018,K15VG4Q,[]
4019,K15VG4R,[]
4020,K15VG4S,[]
4021,K15VG4T,[]
4022,K15VG4U,[]
4023,K15VG4V,[]
4024,K15VG4W,[]
4025,K15VG4X,[]
4026,K15VG4Y,[]
4027,K15VG4Z,[]
4028,K15VG5A,[]
4029,K15VG5B,[]
4030,K15VG5C,[]
4031,K15VG5D,[]
4032,K15VG5E,[]
4033,K15VG5F,[]
4034,K15VG5G,[]
4035,K15VG5H,[]
4036,K15VG5J,[]
4037,K15VG5K,[]
4038,K15VG5L,[]
4039,K15VG5M,[]
4040,K15VG5N,[]
4041,K15VG5O,[]
4042,K15VG5P,[]
4043,K15VG5Q,[]
4044,K15VG5R,[]
4045,K15VG5S,[]
4046,K15VG5T,[]
4047,K15VG5U,[]
4048,K15VG5V,[]
4049,K15VG5W,[]
4050,K15VG5X,[]
4051,K15VG5Y,[]
4052,K15VG5Z,[]
4053,K15VG6A,[]
4054,K15VG6B,[]
4055,K15VG6C,[]
4056,K15VG6D,[]
4057,K15VG6E,[]
4058,K15VG6F,[]
4059,K15VG6G,[]
4060,K15VG6H,[]
4061,K15VG6J,[]
4062,K15VG6K,[]
4063,K15VG6L,[]
4064,K15VG6M,[]
4065,K15VG6N,[]
4066,K15VG6O,[]
4067,K15VG6P,[]
4068,K15VG6Q,[]
4069,K15VG6R,[]
4070,K15VG6S,[]
4071,K15VG6T,[]
4072,K15VG6U,[]
4073,K15VG6V,[]
4074,K15VG6W,[]
4075,K15VG6X,[]
4076,K15VG6Y,[]
4077,K15VG6Z,[]
4078,K15VG7A,[]
4079,K15VG7B,[]
4080,K15VG7C,[]
4081,K15VG7D,[]
4082,K15VG7E,[]
4083,K15VG7F,[]
4084,K15VG7G,[]
4085,K15VG7H,[]
4086,K15VG7J,[]
4087,K15VG7K,[]
4088,K15VG7L,[]
4089,K15VG7M,[]
4090,K15VG7N,[]
4091,K15VG7O,[]
4092,K15VG7P,[]
4093,K15VG7Q,[]
4094,K15VG7R,[]
4095,K15VG7S,[]
4096,K15VG7T,[]
4097,K15VG7U,[]
4098,K15VG7V,[]
4099,K15VG7W,[]
4100,K15VG7X,[]
4101,K15VG7Y,[]
4102,K15VG7Z,[]
4103,K15VG8A,[]
4104,K15VG8B,[]
4105,K15VG8C,[]
4106,K15VG8D,[]
4107,K15VG8E,[]
4108,K15VG8F,[]
4109,K15VG8G,[]
4110,K15VG8H,[]
4111,K15VG8J,[]
4112,K15VG8K,[]
4113,K15VG8L,[]
4114,K15VG8M,[]
4115,K15VG8N,[]
4116,K15VG8O,[]
4117,K15VG8P,[]
4118,K15VG8Q,[]
4119,K15VG8R,[]
4120,K15VG8S,[]
4121,K15VG8T,[]
4122,K15VG8U,[]
4123,K15VG8V,[]
4124,K15VG8W,[]
4125,K15VG8X,[]
4126,K15VG8Y,[]
4127,K15VG8Z,[]
4128,K15VG9A,[]
4129,K15VG9B,[]
4130,K15VG9C,[]
4131,K15VG9D,[]
4132,K15VG9E,[]
4133,K15VG9F,[]
4134,K15VG9G,[]
4135,K15VG9H,[]
4136,K15VG9J,[]
4137,K15VG9K,[]
4138,K15VG9L,[]
4139,K15VG9M,[]
4140,K15VG9N,[]
4141,K15VG9O,[]
4142,K15VG9P,[]
4143,K15VG9Q,[]
4144,K15VG9R,[]
4145,K15VG9S,[]
4146,K15VG9T,[]
4147,K15VG9U,[]
4148,K15VG9V,[]
4149,K15VG9W,[]
4150,K15VG9X,[]
4151,K15VG9Y,[]
4152,K15VG9Z,[]
4153,K15VH0A,[]
4154,K15VH0B,[]
4155,K15VH0C,[]
4156,K15VH0D,[]
4157,K15VH0E,[]
4158,K15VH0F,[]
4159,K15VH0G,[]
4160,K15VH0H,[]
4161,K15VH0J,[]
4162,K15VH0K,[]
4163,K15VH0L,[]
4164,K15VH0M,[]
4165,K15VH0N,[]
4166,K15VH0O,[]
4167,K15VH0P,[]
4168,K15VH0Q,[]
4169,K15VH0R,[]
4170,K15VH0S,[]
4171,K15VH0T,[]
4172,K15VH0U,[]
4173,K15VH0V,[]
4174,K15VH0W,[]
4175,K15VH0X,[]
4176,K15VH0Y,[]
4177,K15VH0Z,[]
4178,K15VH1A,[]
4179,K15VH1B,[]
4180,K15VH1C,[]
4181,K15VH1D,[]
4182,K15VH1E,[]
4183,K15VH1F,[]
4184,K15VH1G,[]
4185,K15VH1H,[]
4186,K15VH1J,[]
4187,K15VH1K,[]
4188,K15VH1L,[]
4189,K15VH1M,[]
4190,K15VH1N,[]
4191,K15VH1O,[]
4192,K15VH1P,[]
4193,K15VH1Q,[]
4194,K15VH1R,[]
4195,K15VH1S,[]
4196,K15VH1T,[]
4197,K15VH1U,[]
4198,K15VH1V,[]
4199,K15VH1W,[]
4200,K15VH1X,[]
4201,K15VH1Y,[]
4202,K15VH1Z,[]
4203,K15VH2A,[]
4204,K15VH2C,[]
4205,K15VH2D,[]
4206,K15VH2E,[]
4207,K15VH2F,[]
4208,K15VH2G,[]
4209,K15VH2H,[]
4210,K15VH2J,[]
4211,K15VH2K,[]
4212,K15VH2L,[]
4213,K15VH2M,[]
4214,K15VH2N,[]
4215,K15VH2O,[]
4216,K15VH2P,[]
4217,K15VH2Q,[]
4218,K15VH2R,[]
4219,K15VH2S,[]
4220,K15VH2T,[]
4221,K15VH2U,[]
4222,K15VH2V,[]
4223,K15VH2W,[]
4224,K15VH2X,[]
4225,K15VH2Y,[]
4226,K15VH2Z,[]
4227,K15VH3A,[]
4228,K15VH3B,[]
4229,K15VH3C,[]
4230,K15VH3D,[]
4231,K15VH3E,[]
4232,K15VH3F,[]
4233,K15VH3G,[]
4234,K15VH3H,[]
4235,K15VH3J,[]
4236,K15VH3K,[]
4237,K15VH3L,[]
4238,K15VH3M,[]
4239,K15VH3N,[]
4240,K15VH3O,[]
4241,K15VH3P,[]
4242,K15VH3Q,[]
4243,K15VH3R,[]
4244,K15VH3S,[]
4245,K15VH3T,[]
4246,K15VI1J,[]
4247,K15VI4X,[]
4248,K15VI4Y,[]
4249,K15VI4Z,[]
4250,K15VK2O,[]
4251,K15VK2P,[]
4252,K15VK2Q,[]
4253,K15VK2R,[]
4254,K15VK7Q,[]
4255,K15VK7R,[]
4256,K15VK7S,[]
4257,K15VK7T,[]
4258,K15VK7U,[]
4259,K15VK7V,[]
4260,K15VK8B,[]
4261,K15XZ1X,[]
4262,K15Xc4Q,[]
4263,K15Xc4R,[]
4264,K15Xm0O,[]
4265,K15Y18Y,[]
4266,K16AR8N,[]
4267,K16AS1T,[]
4268,K16AS2C,[]
4269,K16B81J,[]
4270,K16CF5J,[]
4271,K16CQ4O,[]
4272,K16CS9D,[]
4273,K16CW3N,[]
4274,K16D02F,[]
4275,K16EK3J,[]
4276,K16EX5G,[]
4277,K16F14D,[]
4278,K16F58T,[]
4279,K16F58U,[]
4280,K16F58V,[]
4281,K16F58W,[]
4282,K16F58X,[]
4283,K16F58Y,[]
4284,K16F58Z,[]
4285,K16F59A,[]
4286,K16F59B,[]
4287,K16F59C,[]
4288,K16F59D,[]
4289,K16F59E,[]
4290,K16F59F,[]
4291,K16F59G,[]
4292,K16F59H,[]
4293,K16F59J,['K21L43X']
4294,K16F59K,[]
4295,K16F59L,[]
4296,K16F59M,[]
4297,K16F59N,[]
4298,K16F59O,[]
4299,K16F59Q,[]
4300,K16F59S,[]
4301,K16F59T,[]
4302,K16F59U,[]
4303,K16F59V,[]
4304,K16F59X,[]
4305,K16F59Y,[]
4306,K16F59Z,[]
4307,K16F60A,[]
4308,K16F60B,[]
4309,K16F60C,[]
4310,K16F60D,[]
4311,K16F60E,[]
4312,K16FA7W,[]
4313,K16FG4K,[]
4314,K16G34U,[]
4315,K16G53E,[]
4316,K16G93E,[]
4317,K16GC0Z,[]
4318,K16GK6R,[]
4319,K16GO1C,[]
4320,K16GP1Z,[]
4321,K16GR6Z,[]
4322,K16GR7A,[]
4323,K16GR7B,[]
4324,K16J24K,[]
4325,K16K04X,[]
4326,K16L00S,[]
4327,K16L88P,[]
4328,K16L88R,[]
4329,K16L88S,[]
4330,K16L88T,[]
4331,K16L88U,[]
4332,K16L88V,[]
4333,K16L88W,[]
4334,K16L88X,[]
4335,K16L88Y,[]
4336,K16L88Z,[]
4337,K16L89A,[]
4338,K16L89B,[]
4339,K16L89C,[]
4340,K16L89D,[]
4341,K16L89E,[]
4342,K16L89F,[]
4343,K16L89G,[]
4344,K16L89H,[]
4345,K16L89J,[]
4346,K16L89K,[]
4347,K16L89L,[]
4348,K16L89M,[]
4349,K16L89N,[]
4350,K16L89O,[]
4351,K16L89P,[]
4352,K16L89Q,[]
4353,K16L89R,[]
4354,K16L89S,[]
4355,K16L89T,[]
4356,K16L89U,[]
4357,K16L89V,[]
4358,K16L89W,[]
4359,K16L89X,[]
4360,K16L89Y,[]
4361,K16L89Z,[]
4362,K16L90A,[]
4363,K16L90B,[]
4364,K16L90C,[]
4365,K16L90D,[]
4366,K16L90E,[]
4367,K16L90F,[]
4368,K16L90G,[]
4369,K16L90H,[]
4370,K16L90J,[]
4371,K16L90K,[]
4372,K16L90L,[]
4373,K16L90M,[]
4374,K16L90N,[]
4375,K16L90O,[]
4376,K16L90P,[]
4377,K16L90Q,[]
4378,K16L90R,[]
4379,K16L90S,[]
4380,K16L90T,[]
4381,K16L90U,[]
4382,K16L90V,[]
4383,K16L90W,[]
4384,K16N21D,[]
4385,K16NA0L,[]
4386,K16NI0Y,[]
4387,K16P66N,[]
4388,K16P84W,[]
4389,K16PA1A,[]
4390,K16PL9N,[]
4391,K16PL9U,[]
4392,K16PM0K,[]
4393,K16PM0L,[]
4394,K16PM0M,[]
4395,K16PM0N,[]
4396,K16PM0O,[]
4397,K16PM0P,[]
4398,K16PM0T,[]
4399,K16Q85P,[]
4400,K16Q86F,[]
4401,K16Q89V,[]
4402,K16QD3Z,[]
4403,K16QD4L,[]
4404,K16QD4M,[]
4405,K16QD4N,[]
4406,K16QD4O,[]
4407,K16QD4P,[]
4408,K16QD4V,[]
4409,K16QD4W,[]
4410,K16QD4X,[]
4411,K16QD4Y,[]
4412,K16QD4Z,[]
4413,K16QD5A,[]
4414,K16QD5B,[]
4415,K16QD5C,[]
4416,K16QD5D,[]
4417,K16QD5E,[]
4418,K16QD5F,[]
4419,K16QD5G,[]
4420,K16R81U,[]
4421,K16R81V,[]
4422,K16R81X,[]
4423,K16R82A,[]
4424,K16R82D,[]
4425,K16R82F,[]
4426,K16R82G,[]
4427,K16R82H,[]
4428,K16R82J,[]
4429,K16R82K,[]
4430,K16R82L,[]
4431,K16R82M,[]
4432,K16R82N,[]
4433,K16R82O,[]
4434,K16R82P,[]
4435,K16R82Q,[]
4436,K16R82R,[]
4437,K16R82S,[]
4438,K16R82T,[]
4439,K16R82W,[]
4440,K16R82X,[]
4441,K16S46S,[]
4442,K16S50W,[]
4443,K16S55Q,[]
4444,K16S55S,[]
4445,K16S55U,[]
4446,K16S55Y,[]
4447,K16S56A,[]
4448,K16S56B,[]
4449,K16S56E,[]
4450,K16S56J,[]
4451,K16S56K,[]
4452,K16S56N,[]
4453,K16S56O,[]
4454,K16S56P,[]
4455,K16S56U,[]
4456,K16S56Y,[]
4457,K16S57F,[]
4458,K16S57H,[]
4459,K16S57J,[]
4460,K16S57U,[]
4461,K16S57W,[]
4462,K16S57Z,[]
4463,K16S58E,[]
4464,K16S58G,[]
4465,K16S58J,[]
4466,K16S58Q,[]
4467,K16S58R,[]
4468,K16S58V,[]
4469,K16S59A,[]
4470,K16S59C,[]
4471,K16SA5J,[]
4472,K16SA5R,[]
4473,K16SA5W,[]
4474,K16SA5X,[]
4475,K16SA5Y,[]
4476,K16SA5Z,[]
4477,K16SA6B,[]
4478,K16SA6D,[]
4479,K16T02K,[]
4480,K16T93P,[]
4481,K16T94S,[]
4482,K16T94T,[]
4483,K16T94W,[]
4484,K16T94Y,[]
4485,K16T94Z,[]
4486,K16T95A,[]
4487,K16T97S,[]
4488,K16TA0T,[]
4489,K16TC0N,[]
4490,K16TC0O,[]
4491,K16TC0P,[]
4492,K16TC0Q,[]
4493,K16TC0R,[]
4494,K16TH6L,[]
4495,K16TH6M,[]
4496,K16UA9S,[]
4497,K16UH3P,[]
4498,K16UH6C,[]
4499,K16UH9E,[]
4500,K16UL0P,[]
4501,K16UL2K,[]
4502,K16UL9K,[]
4503,K16UM2C,[]
4504,K16UM2W,[]
4505,K16UN2N,[]
4506,K16UN3N,[]
4507,K16UO4S,[]
4508,K16UO5G,[]
4509,K16UR3L,[]
4510,K16UR3O,[]
4511,K16UR3P,[]
4512,K16UR3Q,[]
4513,K16V01F,[]
4514,K16V17Y,[]
4515,K16W01S,[]
4516,K16W75B,[]
4517,K16X24K,[]
4518,K16X34O,[]
4519,K17A08Z,[]
4520,K17A13X,[]
4521,K17A19O,[]
4522,K17B94A,[]
4523,K17C32W,[]
4524,K17DC1M,[]
4525,K17DC1N,[]
4526,K17DC1O,[]
4527,K17DC1P,[]
4528,K17E04M,[]
4529,K17F50P,[]
4530,K17F99M,[]
4531,K17FG1O,[]
4532,K17FG1P,[]
4533,K17FG1Q,[]
4534,K17FG3D,[]
4535,K17FH3E,[]
4536,K17G08C,[]
4537,K17G08D,[]
4538,K17G08Y,[]
4539,K17G08Z,[]
4540,K17J06B,[]
4541,K17M04Z13.39,[]
4542,K17M07B,[]
4543,K17N02M,[]
4544,K17O68X,[]
4545,K17O69F,[]
4546,K17O69G,[]
4547,K17O69K,[]
4548,K17OE6Q,[]
4549,K17OE6R,['K18VD7O']
4550,K17OG6W,[]
4551,K17OG6X,[]
4552,K17OG6Y,[]
4553,K17P24Y,[]
4554,K17Q33F,[]
4555,K17Q46W,[]
4556,K17Q71K,[]
4557,K17QA0O,[]
4558,K17QD1Q,[]
4559,K17QD1U,[]
4560,K17QH3J,[]
4561,K17R02R,[]
4562,K17R04M,[]
4563,K17R16F,[]
4564,K17RD7Y,[]
4565,K17RD7Z,[]
4566,K17S11W,[]
4567,K17S13V,[]
4568,K17S33N,[]
4569,K17SB8Z,[]
4570,K17SD2N,[]
4571,K17SR7E,[]
4572,K17SR9E,[]
4573,K17U51W,[]
4574,K17U51X,[]
4575,K17U52R,[]
4576,K17V34O,[]
4577,K17W14W,[]
4578,K17W30H,[]
4579,K17Y02L,[]
4580,K17Y03K,[]
4581,K17Y04L,[]
4582,K17Y05G,[]
4583,K18A08F,[]
4584,K18A18S,[]
4585,K18A18X,[]
4586,K18A18Y,[]
4587,K18A18Z,[]
4588,K18A25N,[]
4589,K18A37G,[]
4590,K18A39D,[]
4591,K18A39H,[]
4592,K18A39K,[]
4593,K18D04E,[]
4594,K18D04F,[]
4595,K18E04G,[]
4596,K18G12T,[]
4597,K18G15T,[]
4598,K18H03E,[]
4599,K18J06T,[]
4600,K18J06U,[]
4601,K18K03H,[]
4602,K18M08O,[]
4603,K18M08P,[]
4604,K18M13F,[]
4605,K18M13G,[]
4606,K18P18Q,[]
4607,K18P28L,[]
4608,K18R39G,[]
4609,K18S13Q,[]
4610,K18T06L,[]
4611,K18U01B,[]
4612,K18V18G,[]
4613,K18V35M,[]
4614,K18V35N,[]
4615,K18V35O,[]
4616,K18VD7J,[]
4617,K18VD7N,[]
4618,K18VD7O,[]
4619,K18VD7P,[]
4620,K18W01B,[]
4621,K19A07B,[]
4622,K19A16J,[]
4623,K19A54H,[]
4624,K19A54K,[]
4625,K19A77C,[]
4626,K19AC2M,[]
4627,K19C03J,[]
4628,K19E03J,[]
4629,K19E05A,[]
4630,K19E05B,[]
4631,K19E05T,[]
4632,K19E05U,[]
4633,K19E05V,[]
4634,K19E06E,[]
4635,K19E06F,[]
4636,K19G22N,[]
4637,K19G23G,[]
4638,K19G23J,[]
4639,K19GC9Z,[]
4640,K19GE0M,[]
4641,K19GE0O,[]
4642,K19GE0R,[]
4643,K19GE3A,[]
4644,K19GE3B,[]
4645,K19H04C,[]
4646,K19K07E,[]
4647,K19K07F,[]
4648,K19K19N,[]
4649,K19K22Y,[]
4650,K19K42V,[]
4651,K19P02N,[]
4652,K19P02R,[]
4653,K19Q03S,[]
4654,K19Q06R,[]
4655,K19Q08Q,[]
4656,K19R02J,[]
4657,K19R04O,[]
4658,K19R13F,[]
4659,K19R16Z,[]
4660,K19S17E,[]
4661,K19S48O,[]
4662,K19S79S,[]
4663,K19SE9S,[]
4664,K19SI7H,[]
4665,K19SI7J,[]
4666,K19SJ4K,[]
4667,K19SK4O,[]
4668,K19T03G,[]
4669,K19T07X,[]
4670,K19T08L,[]
4671,K19U12H,[]
4672,K19U14L,[]
4673,K19U14O,[]
4674,K19U77V,[]
4675,K19W02V,[]
4676,K19Y06J,[]
4677,K20B06W,[]
4678,K20B12F,[]
4679,K20B12Z,[]
4680,K20B13F,[]
4681,K20B60G,[]
4682,K20B60R,[]
4683,K20B60S,[]
4684,K20B63Q,[]
4685,K20B64V,[]
4686,K20B94Z,[]
4687,K20B95A,[]
4688,K20B95B,[]
4689,K20B95C,[]
4690,K20BA1Y,[]
4691,K20BA2E,[]
4692,K20BA2F,[]
4693,K20C03M,[]
4694,K20D02N,[]
4695,K20D05D,[]
4696,K20D06H,[]
4697,K20D06J,[]
4698,K20E00P,[]
4699,K20F07P,[]
4700,K20F24H,[]
4701,K20F30Y,[]
4702,K20F31A,[]
4703,K20F31B,[]
4704,K20F38Q,[]
4705,K20F40P,[]
4706,K20F40Q,[]
4707,K20F40R,[]
4708,K20H11B,[]
4709,K20H93K,[]
4710,K20J03V,[]
4711,K20K06D,[]
4712,K20K07H,[]
4713,K20K07U,[]
4714,K20K11O,[]
4715,K20K11P,[]
4716,K20K11Q,[]
4717,K20K11R,[]
4718,K20K11S,[]
4719,K20K11T,[]
4720,K20K11U,[]
4721,K20K11V,[]
4722,K20K11W,[]
4723,K20K11X,[]
4724,K20K11Y,[]
4725,K20K42H,[]
4726,K20K53C,[]
4727,K20K53D,[]
4728,K20K53E,[]
4729,K20K53F,[]
4730,K20K53G,[]
4731,K20K53L,[]
4732,K20K53M,[]
4733,K20K53N,[]
4734,K20K53O,[]
4735,K20K53P,[]
4736,K20K53Q,[]
4737,K20K53S,[]
4738,K20K53T,[]
4739,K20K53U,[]
4740,K20K53V,[]
4741,K20K53W,[]
4742,K20K53X,[]
4743,K20K53Y,[]
4744,K20K53Z,[]
4745,K20K54A,[]
4746,K20K54B,[]
4747,K20K54C,[]
4748,K20K54D,[]
4749,K20K54E,[]
4750,K20K54F,[]
4751,K20K54G,[]
4752,K20K54H,[]
4753,K20K54J,[]
4754,K20K54K,[]
4755,K20K54L,[]
4756,K20K54M,[]
4757,K20K54N,[]
4758,K20K54O,[]
4759,K20K54P,[]
4760,K20K54Q,[]
4761,K20K54R,[]
4762,K20K54S,[]
4763,K20K54T,[]
4764,K20K54U,[]
4765,K20K54V,[]
4766,K20K54W,[]
4767,K20K54X,[]
4768,K20K54Y,[]
4769,K20K54Z,[]
4770,K20K55A,[]
4771,K20K55B,[]
4772,K20K55C,[]
4773,K20K55D,[]
4774,K20K55E,[]
4775,K20K55F,[]
4776,K20K55G,[]
4777,K20K55H,[]
4778,K20K55J,[]
4779,K20K55K,[]
4780,K20K55L,[]
4781,K20K55M,[]
4782,K20K55N,[]
4783,K20K55O,[]
4784,K20K55P,[]
4785,K20K55Q,[]
4786,K20K55R,[]
4787,K20K55S,[]
4788,K20K55T,[]
4789,K20K55U,[]
4790,K20K55V,[]
4791,K20K55W,[]
4792,K20K55X,[]
4793,K20K55Y,[]
4794,K20K55Z,[]
4795,K20K56A,[]
4796,K20K56B,[]
4797,K20K56C,[]
4798,K20K56D,[]
4799,K20K56E,[]
4800,K20K56F,[]
4801,K20K56G,[]
4802,K20K56H,[]
4803,K20K56J,[]
4804,K20L21A,[]
4805,K20L21B,[]
4806,K20M01L,[]
4807,K20M52Y,[]
4808,K20M52Z,[]
4809,K20M53A,[]
4810,K20M53B,[]
4811,K20M53C,[]
4812,K20M53D,[]
4813,K20M53E,[]
4814,K20M53F,[]
4815,K20M53G,[]
4816,K20M53H,[]
4817,K20M53J,[]
4818,K20M53K,[]
4819,K20M53L,[]
4820,K20M53M,[]
4821,K20M53N,[]
4822,K20M53O,[]
4823,K20M53P,[]
4824,K20M53Q,[]
4825,K20O05R,[]
4826,K20O05S,[]
4827,K20O07P,[]
4828,K20O08P,[]
4829,K20P03G,[]
4830,K20P07A,[]
4831,K20P07Q,[]
4832,K20P12A,[]
4833,K20P75E,[]
4834,K20P75J,[]
4835,K20P95C,[]
4836,K20P95D,[]
4837,K20P95E,[]
4838,K20P95F,[]
4839,K20P95G,[]
4840,K20Q06N,[]
4841,K20Q06O,[]
4842,K20Q42P,[]
4843,K20Q83H,[]
4844,K20R07E,[]
4845,K20R11P,[]
4846,K20RE8U,[]
4847,K20S05J,[]
4848,K20S07W,[]
4849,K20S19L,[]
4850,K20S35E,[]
4851,K20S79V,[]
4852,K20T08U,[]
4853,K20T09K,[]
4854,K20T14Q,[]
4855,K20V01F,[]
4856,K20V06S,[]
4857,K20V26L,[]
4858,K20W18M,[]
4859,K20X01V,[]
4860,K20X07Q,[]
4861,K20X19U,[]
4862,K20Y03R,[]
4863,K21A03E,[]
4864,K21A28N,[]
4865,K21B15K,[]
4866,K21C03T,[]
4867,K21C05P,[]
4868,K21C10O,[]
4869,K21C22E,[]
4870,K21C40P,[]
4871,K21C46J,[]
4872,K21C46K,[]
4873,K21C46L,[]
4874,K21D01L,[]
4875,K21D02N,[]
4876,K21D15M,[]
4877,K21D15N,[]
4878,K21D15O,[]
4879,K21D15P,[]
4880,K21D15Q,[]
4881,K21D15R,[]
4882,K21D15S,[]
4883,K21D17B,[]
4884,K21D17G,[]
4885,K21D17H,[]
4886,K21D17J,[]
4887,K21D18K,[]
4888,K21D19M,[]
4889,K21D19N,[]
4890,K21E44E,[]
4891,K21F02Q,[]
4892,K21F31N,[]
4893,K21F54Q,[]
4894,K21G09D,[]
4895,K21G57Q,[]
4896,K21G72T,[]
4897,K21GC2U,[]
4898,K21GC2V,[]
4899,K21GC2W,[]
4900,K21J10K,[]
4901,K21J58N,[]
4902,K21L18B,[]
4903,K21L37L,[]
4904,K21L42T,[]
4905,K21L43M,[]
4906,K21L43N,[]
4907,K21L43O,[]
4908,K21L43P,[]
4909,K21L43Q,[]
4910,K21L43R,[]
4911,K21L43S,[]
4912,K21L43U,[]
4913,K21L43V,[]
4914,K21L43W,[]
4915,K21L43X,[]
4916,K21L43Y,[]
4917,K21L43Z,[]
4918,K21L44A,[]
4919,K21L44B,[]
4920,K21L44C,[]
4921,K21L44D,[]
4922,K21L44E,[]
4923,K21L44F,[]
4924,K21L44G,[]
4925,K21L44H,[]
4926,K21L44J,[]
4927,K21L44K,[]
4928,K21L44L,[]
4929,K21L44M,[]
4930,K21L44N,[]
4931,K21L44O,[]
4932,K21L44P,[]
4933,K21L44Q,[]
4934,K21L44R,[]
4935,K21L44S,[]
4936,K21L44T,[]
4937,K21L44U,[]
4938,K21L44V,[]
4939,K21L44W,[]
4940,K21L44X,[]
4941,K21L44Y,[]
4942,K21L44Z,[]
4943,K21L45A,[]
4944,K21L45B,[]
4945,K21M22W,[]
4946,K21M22X,[]
4947,K21M22Y,[]
4948,K21M22Z,[]
4949,K21M23A,[]
4950,K21N07X,[]
4951,K21N71S,[]
4952,K21O11K,[]
4953,K21P00D,[]
4954,K21P23U,[]
4955,K21P72N,[]
4956,K21PH5N,[]
4957,K21Q98B,[]
4958,K21Q98F,[]
4959,K21Q98G,[]
4960,K21Q98H,[]
4961,K21Q98J,[]
4962,K21RB4M,[]
4963,K21RD3K,[]
4964,K21RE5Z,[]
4965,K21RK5R,[]
4966,K21RK9V,[]
4967,K21RK9W,[]
4968,K21S11N,[]
4969,K21T15P,[]
4970,K21T81R,[]
4971,K21TG5H,[]
4972,K21U19L,[]
4973,K21U27Y,[]
4974,K21V08Q,[]
4975,K21V11U,[]
4976,K21V27K,[]
4977,K21V28A,[]
4978,K21W06T,[]
4979,K21X03Z,[]
4980,K21X06S,[]
4981,K21X07D,[]
4982,K21Y00P,[]
4983,K22A07A,[]
4984,K22A08B,[]
4985,K22A08C,[]
4986,K22A09Z,[]
4987,K22B04G,[]
4988,K22B08G,[]
4989,K22B25B,[]
4990,K22C07T,[]
4991,K22C31A,[]
4992,K22E05P,[]
4993,K22E20P,[]
4994,K22F06R,[]
4995,K22F07A,[]
4996,K22F09H,[]
4997,K22F12G,[]
4998,K22F12K,[]
4999,K22F12M,[]
5000,K22F12N,[]
5001,K22G00U,[]
5002,K22G03Y,[]
5003,K22G03Z,[]
5004,K22G04P,[]
5005,K22G06V,[]
5006,K22G07G,[]
5007,K22G11K,[]
5008,K22G14N,[]
5009,K22H01E,[]
5010,K22H05B,[]
5011,K22H05K,[]
5012,K22H05W,[]
5013,K22H19Q,[]
5014,K22K02J,[]
5015,K22L02V,[]
5016,K22L13V,[]
5017,K22L13W,[]
5018,K22L13X,[]
5019,K22L13Y,[]
5020,K22L13Z,[]
5021,K22L14A,[]
5022,K22L14B,[]
5023,K22L14C,[]
5024,K22L14D,[]
5025,K22L14E,[]
5026,K22L14F,[]
5027,K22L14G,[]
5028,K22L14H,[]
5029,K22L14J,[]
5030,K22L14K,[]
5031,K22L14L,[]
5032,K22L14M,[]
5033,K22L14N,[]
5034,K22L14O,[]
5035,K22L14P,[]
5036,K22L14Q,[]
5037,K22L14R,[]
5038,K22L14S,[]
5039,K22L14T,[]
5040,K22L14U,[]
5041,K22L14V,[]
5042,K22L14W,[]
5043,K22L14X,[]
5044,K22L14Y,[]
5045,K22L14Z,[]
5046,K22L15A,[]
5047,K22L15B,[]
5048,K22L15C,[]
5049,K22L15D,[]
5050,K22L15E,[]
5051,K22L15F,[]
5052,K22L15G,[]
5053,K22L15H,[]
5054,K22L15J,[]
5055,K22L15K,[]
5056,K22L15L,[]
5057,K22L15M,[]
5058,K22L15N,[]
5059,K22L15O,[]
5060,K22L15P,[]
5061,K22L15Q,[]
5062,K22L15R,[]
5063,K22L15S,[]
5064,K22L15T,[]
5065,K22L15U,[]
5066,K22L15V,[]
5067,K22L15W,[]
5068,K22L15X,[]
5069,K22L15Y,[]
5070,K22L15Z,[]
5071,K22L16A,[]
5072,K22L16B,[]
5073,K22L16C,[]
5074,K22L16D,[]
5075,K22L16E,[]
5076,K22L16F,[]
5077,K22L16G,[]
5078,K22L16H,[]
5079,K22L16J,[]
5080,K22L16K,[]
5081,K22L16L,[]
5082,K22L16M,[]
5083,K22L16N,[]
5084,K22L16O,[]
5085,K22L16P,[]
5086,K22L16Q,[]
5087,K22L16R,[]
5088,K22L16S,[]
5089,K22L16T,[]
5090,K22L16U,[]
5091,K22L16V,[]
5092,K22L16W,[]
5093,K22L16X,[]
5094,K22L16Y,[]
5095,K22L16Z,[]
5096,K22L17A,[]
5097,K22L17B,[]
5098,K22L17E,[]
5099,K22L17O,[]
5100,K22L17P,[]
5101,K22O05A,[]
5102,K22O10H,[]
5103,K22O15U,[]
5104,K22O21C,[]
5105,K22P05M,[]
5106,K22Q07Y,[]
5107,K22Q11V,[]
5108,K22Q32J,[]
5109,K22Q32K,[]
5110,K22Q62U,[]
5111,K22Q62V,[]
5112,K22QA7F,[]
5113,K22QB7B,[]
5114,K22QH8K,[]
5115,K22R03T,[]
5116,K22R59O,[]
5117,K22S21J,[]
5118,K22SO2Z,[]
5119,K22U10N,[]
5120,K22U42H,[]
5121,K22W03W,[]
5122,K22W21C,[]
5123,K22W24V,[]
5124,K22W24W,[]
5125,K22Y07M,[]
5126,K22Y09U,[]
5127,K23B01G,[]
5128,K23B09F,[]
5129,K23F09X,[]
5130,K23F12E,[]
5131,K23F17C,[]
5132,K23G04C,[]
5133,K23J03M,[]
5134,K23J04F,[]
5135,K23J04Y,[]
